transaction_id,user_id,timestamp,amount,txns_last_1min,txns_last_5min,distinct_ips_last_1hr,km_from_prev,minutes_since_prev,implied_speed_kmh,is_new_device,amount_zscore,is_fraud,fraud_type,iso_anomaly_score,iso_flag,lr_fraud_probability,model_flag
TXN149272,U005682,2025-02-05 19:02:00,1709.41,1,2,2,2061.8089223664315,2.0,61854.267670992944,1,2.767067667003326,1,location_ip,0.26459931167158857,1,1.0,1.0
TXN122675,U005025,2025-01-17 13:01:57,585.02,9,11,11,3.245539750389044,0.0166666666666666,11683.94310140056,0,-0.1668527656865305,1,velocity,0.25872160012094525,1,1.0,1.0
TXN108140,U003454,2025-01-06 22:01:17,63.86,10,11,11,6.3560047137032605,0.05,7627.205656443912,0,-1.7084871818925764,1,velocity,0.2537967601543353,1,1.0,1.0
TXN126914,U005374,2025-01-20 15:01:52,849.4,8,9,9,4.6997287939948285,0.0333333333333333,8459.511829190691,0,-0.282336110572385,1,velocity,0.24733995135927955,1,1.0,1.0
TXN142635,U003239,2025-02-01 00:01:16,978.15,6,6,6,6.826711876100244,0.0166666666666666,24576.16275396088,0,-0.5017968698558196,1,velocity,0.24726610516615177,1,1.0,1.0
TXN153056,U001528,2025-02-08 15:02:24,200.75,8,14,14,4.616182248353095,0.0166666666666666,16618.25609407114,0,-0.2584448037826021,1,velocity,0.2672686024299784,1,1.0,1.0
TXN160978,U000498,2025-02-14 10:01:29,186.99,9,12,12,3.345744964259985,0.35,573.5562795874259,0,-1.0484795236932414,1,velocity,0.23095442179141767,1,1.0,1.0
TXN156867,U003958,2025-02-11 11:02:00,160.7,1,2,2,2080.015242141368,2.0,62400.45726424104,1,0.2921463120089009,1,location_ip,0.25866660311756107,1,1.0,1.0
TXN128650,U000928,2025-01-21 19:02:00,1393.64,1,2,2,1654.839116799172,2.0,49645.17350397516,1,2.558739914704523,1,location_ip,0.26112216075759376,1,1.0,1.0
TXN104069,U004661,2025-01-03 21:02:25,201.71,5,12,12,4.258209220680562,0.0166666666666666,15329.553194450022,0,0.1868427759679586,1,velocity,0.26227770687039076,1,1.0,1.0
TXN219291,U000432,2025-03-28 17:02:29,10.0,8,15,15,7.727110577660859,0.2333333333333333,1986.9712913985068,0,-0.3389510233437681,1,velocity,0.24335461377620837,1,1.0,1.0
TXN116630,U000321,2025-01-13 05:02:00,1064.94,1,2,2,1358.3607154263375,2.0,40750.821462790125,1,1.821660894386388,1,location_ip,0.2538392062418662,1,1.0,1.0
TXN183288,U004968,2025-03-02 12:01:26,87.88,9,12,12,0.7736093458013965,0.05,928.3312149616758,0,-0.2182476007959653,1,velocity,0.23841766030466693,1,1.0,1.0
TXN143979,U001385,2025-02-01 23:02:00,255.73,1,2,2,1371.808916123536,2.0,41154.26748370608,1,2.374946396975098,1,location_ip,0.2553259031673567,1,1.0,1.0
TXN204732,U004773,2025-03-18 07:02:00,313.34,1,2,2,1654.839116799172,2.0,49645.17350397516,1,-0.179538133718747,1,location_ip,0.25799461807669355,1,1.0,1.0
TXN159252,U003675,2025-02-13 05:02:00,144.14,1,2,2,1696.4662800781273,2.0,50893.98840234382,1,-1.732620769237189,1,location_ip,0.2546643838807533,1,1.0,1.0
TXN108136,U003454,2025-01-06 22:00:48,145.95,8,8,8,3.530829674743272,0.0333333333333333,6355.493414537889,0,-0.4218561732337701,1,velocity,0.23965054394888652,1,1.0,1.0
TXN200732,U004980,2025-03-15 05:00:50,319.23,7,7,7,8.18984943685226,0.05,9827.819324222712,0,-0.6381159308088279,1,velocity,0.2421033177052737,1,1.0,1.0
TXN169191,U001889,2025-02-20 09:02:14,272.82,8,13,13,2.553402335804691,0.0666666666666666,2298.0621022242217,0,0.0379803570283298,1,velocity,0.24590153392756053,1,1.0,1.0
TXN185403,U003563,2025-03-03 21:01:00,151.33,7,7,7,2.8405671148525835,0.0166666666666666,10226.0416134693,0,-0.6011098059561758,1,velocity,0.23934889844139917,1,1.0,1.0
TXN129086,U002517,2025-01-22 07:01:51,187.6,8,9,9,5.82052671179021,0.0666666666666666,5238.474040611189,0,-0.3581632790860269,1,velocity,0.2449569783295047,1,1.0,1.0
TXN127627,U001845,2025-01-21 03:00:35,242.01,6,6,6,7.114044867305724,0.0166666666666666,25610.56152230061,0,-0.0032567506692531,1,velocity,0.2514051280284053,1,1.0,1.0
TXN111755,U001176,2025-01-09 16:02:00,674.11,1,2,2,1560.6966232595823,2.0,46820.898697787474,1,1.8815674646372,1,location_ip,0.2574403610817514,1,1.0,1.0
TXN183287,U004968,2025-03-02 12:01:23,135.52,9,11,11,2.327181600990932,0.0166666666666666,8377.853763567355,0,0.6502003069754102,1,velocity,0.25660587790561773,1,1.0,1.0
TXN126919,U005374,2025-01-20 15:02:08,767.26,10,12,11,3.72908206892676,0.05,4474.898482712112,0,-0.5879933799476289,1,velocity,0.2466686185472361,1,1.0,1.0
TXN164166,U003825,2025-02-16 15:01:00,469.63,6,6,6,4.451118012163847,0.0166666666666666,16024.02484378985,0,-0.5616948445698658,1,velocity,0.23766335675125827,1,1.0,1.0
TXN122674,U005025,2025-01-17 13:01:56,620.69,8,10,10,4.522419461453927,0.0333333333333333,8140.355030617068,0,0.0270421005381404,1,velocity,0.2511185568567338,1,1.0,1.0
TXN153052,U001528,2025-02-08 15:02:02,245.85,7,11,11,3.582377105501906,0.0333333333333333,6448.278789903431,0,-0.2499117387704913,1,velocity,0.2484097626545877,1,1.0,1.0
TXN156494,U001304,2025-02-11 02:00:46,259.42,7,7,7,5.212251675167068,0.0166666666666666,18764.106030601444,0,-0.7613815254703642,1,velocity,0.2461532559827534,1,1.0,1.0
TXN111751,U001203,2025-01-09 16:01:19,302.06,8,8,8,7.070122886362588,0.05,8484.147463635105,0,-0.5822145838714575,1,velocity,0.24400175113935774,1,1.0,1.0
TXN126184,U002644,2025-01-20 02:01:07,190.16,6,8,8,2.9554126064522928,0.0166666666666666,10639.485383228252,0,0.3776050376836094,1,velocity,0.24766060764867948,1,1.0,1.0
TXN138692,U005418,2025-01-29 08:01:48,108.99,8,11,10,4.477270584602262,0.05,5372.724701522714,0,-0.2493895041492112,1,velocity,0.24733995135927955,1,1.0,1.0
TXN154972,U005158,2025-02-09 21:01:12,508.3,8,8,8,6.56777514786721,0.0333333333333333,11821.99526616098,0,-0.750476111286688,1,velocity,0.2500514967497236,1,1.0,1.0
TXN106829,U003053,2025-01-05 23:02:00,870.12,1,2,2,1560.6966232595823,2.0,46820.898697787474,1,1.41014140896537,1,location_ip,0.25491040671855836,1,1.0,1.0
TXN196598,U002179,2025-03-12 02:02:12,85.02,5,9,9,7.281600219428026,0.0166666666666666,26213.76078994089,0,-0.1733432146695532,1,velocity,0.2606599074184648,1,1.0,1.0
TXN122678,U005025,2025-01-17 13:02:28,497.71,11,14,13,0.7612465399856365,0.0666666666666666,685.1218859870729,0,-0.6840432854555176,1,velocity,0.23872259729383494,1,1.0,1.0
TXN154980,U000097,2025-02-09 21:01:56,100.09,8,14,13,1.835048680163406,0.1,1101.0292080980437,0,0.9424403303812025,1,velocity,0.24393927850708286,1,1.0,1.0
TXN183290,U004968,2025-03-02 12:02:18,82.63,8,14,14,5.4541362233070245,0.2833333333333333,1154.9935531708993,0,-0.2704199730232566,1,velocity,0.23836112006393817,1,0.9999999999999998,1.0
TXN169193,U001889,2025-02-20 09:02:25,248.17,8,14,14,2.781990474940816,0.1833333333333333,910.4696099806308,0,-0.1186531178804636,1,velocity,0.23677879693154125,1,0.9999999999999998,1.0
TXN149273,U003327,2025-02-05 19:03:00,166.47,1,2,2,1966.773962747332,3.0,39335.47925494664,1,1.3205936112229737,1,location_ip,0.25872495172091836,1,0.9999999999999998,1.0
TXN100974,U000156,2025-01-01 18:01:45,719.29,6,8,8,4.846655378625331,0.0333333333333333,8723.979681525596,0,1.4161636714319208,1,velocity,0.24602897126060852,1,0.9999999999999998,1.0
TXN196895,U002904,2025-03-12 10:03:00,220.1,1,2,2,1851.6347035047809,3.0,37032.69407009562,1,2.3633048989019065,1,location_ip,0.26185295483453963,1,0.9999999999999998,1.0
TXN222185,U002629,2025-03-30 18:00:44,28.27,6,6,6,6.908040555647842,0.0333333333333333,12434.473000166116,0,-1.7207005152548087,1,velocity,0.23626575885519485,1,0.9999999999999998,1.0
TXN119297,U004363,2025-01-14 23:01:48,156.68,8,13,13,3.5112591725026814,0.1,2106.7555035016085,0,-0.6646591198149968,1,velocity,0.23984263992825572,1,0.9999999999999998,1.0
TXN206040,U005508,2025-03-19 04:01:54,422.88,7,12,12,4.874011265085342,0.05,5848.813518102411,0,-0.1449272566022008,1,velocity,0.2512440128157253,1,0.9999999999999998,1.0
TXN119293,U004363,2025-01-14 23:01:08,163.58,8,9,9,3.7347929392778,0.0833333333333333,2689.0509162800163,0,-0.7287458740215859,1,velocity,0.2327790536649521,1,0.9999999999999998,1.0
TXN183053,U002034,2025-03-02 09:01:17,255.96,8,8,8,1.2502861494591653,0.0833333333333333,900.2060276105991,0,0.129689356633341,1,velocity,0.22212638372421178,1,0.9999999999999996,1.0
TXN134578,U001573,2025-01-26 07:02:24,514.91,7,15,14,2.840072243794688,0.2333333333333333,730.3042912614911,0,-0.2309149151354069,1,velocity,0.23233786638902465,1,0.9999999999999993,1.0
TXN214292,U000649,2025-03-25 01:01:21,481.56,7,9,9,2.755103005389653,0.0333333333333333,4959.185409701376,0,-0.2369470852673775,1,velocity,0.24071790789015146,1,0.9999999999999993,1.0
TXN142639,U003239,2025-02-01 00:01:54,983.44,8,10,10,3.4275156879715136,0.2666666666666666,771.1910297935906,0,-0.3760728073503749,1,velocity,0.22532352235215514,1,0.9999999999999993,1.0
TXN154958,U000097,2025-02-09 21:00:10,56.85,4,4,4,5.234200797433014,0.0166666666666666,18843.122870758853,0,-0.273986514174479,1,velocity,0.21478471561816903,1,0.9999999999999993,1.0
TXN160972,U000498,2025-02-14 10:00:43,253.3,6,6,6,2.768293002851986,0.0166666666666666,9965.85481026715,0,-0.4309557944553596,1,velocity,0.22979762277757876,1,0.9999999999999993,1.0
TXN171247,U003440,2025-02-21 18:01:45,282.77,7,10,10,4.516335920580956,0.0666666666666666,4064.7023285228606,0,-0.0711139493227037,1,velocity,0.24340055988306109,1,0.9999999999999991,1.0
TXN219292,U000432,2025-03-28 17:02:29,88.99,8,15,15,3.327578978429067,0.0,0.0,0,-0.2945531381660656,1,velocity,0.2063664370356718,1,0.9999999999999991,1.0
TXN134500,U004122,2025-01-26 01:01:28,911.7,7,8,8,1.4631870283823214,0.0166666666666666,5267.473302176357,0,-0.6266837016876232,1,velocity,0.23444339285540983,1,0.9999999999999991,1.0
TXN214297,U000649,2025-03-25 01:02:01,431.1,7,14,13,3.4193423264806437,0.3166666666666666,647.8753881752798,0,-0.2300990762507271,1,velocity,0.23211837749677344,1,0.9999999999999991,1.0
TXN171239,U003440,2025-02-21 18:01:04,178.4,4,5,5,10.446793902116603,0.0333333333333333,18804.229023809887,0,-0.8179360193487639,1,velocity,0.22510361111738253,1,0.9999999999999991,1.0
TXN219989,U000145,2025-03-29 08:01:49,309.34,8,9,9,1.6397978254452472,0.2333333333333333,421.662297971635,0,-0.2102845792422416,1,velocity,0.2245550545967857,1,0.9999999999999989,1.0
TXN122672,U005025,2025-01-17 13:01:54,476.04,7,9,9,1.3519581403142529,0.0166666666666666,4867.049305131311,0,-0.7730498052247509,1,velocity,0.24085028291334376,1,0.9999999999999987,1.0
TXN108143,U003454,2025-01-06 22:01:43,214.63,7,13,13,5.757883127152344,0.1833333333333333,1884.3981143407675,0,1.0209759777643752,1,velocity,0.24509454544360487,1,0.9999999999999987,1.0
TXN178144,U000607,2025-02-26 16:01:30,54.91,8,8,8,3.594503406110125,0.1166666666666666,1848.6017517137789,0,-1.5101375213101076,1,velocity,0.22178503882113054,1,0.9999999999999984,1.0
TXN116835,U004980,2025-01-13 09:01:21,361.4,6,7,6,1.5317864114149145,0.0166666666666666,5514.431081093692,0,-0.1287297473492326,1,velocity,0.22268693948596918,1,0.9999999999999984,1.0
TXN163445,U001479,2025-02-16 05:00:47,226.7,4,4,4,4.844478738276033,0.0166666666666666,17440.123457793718,0,0.0229251202513423,1,velocity,0.21448579086675923,1,0.9999999999999982,1.0
TXN195465,U004075,2025-03-11 10:01:09,225.54,4,4,4,4.776939403530809,0.0166666666666666,17196.981852710913,0,0.0857303234288816,1,velocity,0.21344983239164828,1,0.999999999999998,1.0
TXN163448,U001479,2025-02-16 05:01:08,219.44,7,7,7,4.036311834693308,0.0666666666666666,3632.680651223977,0,0.0180216071068663,1,velocity,0.22533168151024252,1,0.9999999999999971,1.0
TXN219988,U000145,2025-03-29 08:01:35,243.76,7,8,8,3.4820559207547275,0.05,4178.467104905672,0,-0.6223943224855175,1,velocity,0.231267241435132,1,0.9999999999999971,1.0
TXN207346,U005898,2025-03-19 22:02:18,520.35,7,10,10,5.731122289737822,0.1,3438.6733738426933,0,-0.8159045852917097,1,velocity,0.2357935078242731,1,0.9999999999999949,1.0
TXN183054,U002034,2025-03-02 09:01:17,188.92,8,8,8,1.2376777555429763,0.0,0.0,0,-0.800785248369851,1,velocity,0.1840417078742922,1,0.9999999999999927,1.0
TXN104223,U000253,2025-01-04 01:01:57,282.27,8,13,13,7.719041264035218,0.0,0.0,0,-2.020776551923841,1,velocity,0.20853922773388145,1,0.9999999999999898,1.0
TXN195470,U004075,2025-03-11 10:01:55,219.17,7,8,8,5.230240938099691,0.15,2092.096375239876,0,0.102880067265317,1,velocity,0.2225867865656126,1,0.9999999999999893,1.0
TXN174649,U003099,2025-02-24 02:01:13,173.87,4,5,6,5.183501511107396,0.0166666666666666,18660.605439986623,0,-0.2663276703314002,1,velocity,0.22803049062983194,1,0.999999999999988,1.0
TXN160872,U004410,2025-02-14 09:00:59,415.82,7,7,6,1.4775739725131884,0.2666666666666666,332.4541438154674,0,-0.7516834552207098,1,velocity,0.19975529464815422,1,0.9999999999999876,1.0
TXN163404,U002904,2025-02-16 01:02:00,244.99,1,2,2,914.3646912012372,2.0,27430.94073603712,1,2.7881842909075063,1,location_ip,0.25023885350173547,1,0.9999999999999845,1.0
TXN196621,U000444,2025-03-12 05:03:00,1109.89,1,2,2,1532.103434385161,3.0,30642.068687703224,1,2.530546252003593,1,location_ip,0.2555072325153074,1,0.9999999999999827,1.0
TXN211537,U000906,2025-03-23 01:02:24,401.1,7,10,10,6.254274293656862,0.15,2501.7097174627447,0,-1.0796351029523228,1,velocity,0.2320157385525754,1,0.9999999999999807,1.0
TXN190229,U001096,2025-03-07 12:02:17,328.2,7,14,14,2.786793932275648,0.1666666666666666,1003.2458156192334,0,-0.490771219042467,1,velocity,0.2328291197163549,1,0.9999999999999793,1.0
TXN153054,U001528,2025-02-08 15:02:23,249.81,7,13,13,4.794387862037447,0.35,821.8950620635625,0,-0.240626665733137,1,velocity,0.23408290249784847,1,0.9999999999999791,1.0
TXN214929,U001307,2025-03-25 14:01:53,232.88,6,11,10,10.313487230971988,0.2833333333333333,2184.0325900881858,0,-0.2432168184213367,1,velocity,0.2344054157710257,1,0.9999999999999787,1.0
TXN167533,U002219,2025-02-19 00:00:31,567.83,7,7,7,3.228361051892126,0.0666666666666666,2905.524946702913,0,-0.9601078300947096,1,velocity,0.2157639590492907,1,0.9999999999999769,1.0
TXN199203,U004492,2025-03-13 22:03:00,943.76,1,2,2,1471.0703852200184,3.0,29421.407704400364,1,2.921685352098299,1,location_ip,0.2573227769954707,1,0.9999999999999745,1.0
TXN161051,U002154,2025-02-14 11:02:00,956.92,1,2,2,920.7423599427208,2.0,27622.27079828163,1,2.252210457925145,1,location_ip,0.24790018239439315,1,0.9999999999999731,1.0
TXN214926,U001307,2025-03-25 14:01:19,226.88,6,8,7,2.890415229065262,0.0666666666666666,2601.373706158736,0,-0.2527246066019822,1,velocity,0.22089132514068877,1,0.9999999999999722,1.0
TXN214289,U000649,2025-03-25 01:00:37,402.58,7,7,7,4.743153075698965,0.15,1897.2612302795856,0,-0.2664867695416235,1,velocity,0.21140632913939994,1,0.9999999999999716,1.0
TXN185971,U005985,2025-03-04 11:00:32,311.52,3,3,3,5.589302856674187,0.0166666666666666,20121.490284027077,0,-0.9529015556048862,1,velocity,0.19839470212565613,1,0.9999999999999596,1.0
TXN210921,U001111,2025-03-22 17:02:21,1025.32,7,13,13,1.491199623044661,0.1666666666666666,536.831864296078,0,-0.7052883534081159,1,velocity,0.23362581892017964,1,0.9999999999999509,1.0
TXN222707,U002438,2025-03-31 04:03:00,1180.6,1,2,2,1561.5360482517535,3.0,31230.72096503507,1,1.1830302315646144,1,location_ip,0.2547292119568195,1,0.99999999999994,1.0
TXN192650,U000074,2025-03-09 08:02:00,687.26,1,2,2,845.3183856559488,2.0,25359.551569678464,1,3.0784747024091894,1,location_ip,0.2496985514273493,1,0.9999999999999396,1.0
TXN116750,U001870,2025-01-13 08:01:45,261.4,4,9,9,3.611862493478416,0.0166666666666666,13002.704976522296,0,-0.3824480009021964,1,velocity,0.24469309068305656,1,0.9999999999999372,1.0
TXN113817,U003607,2025-01-11 00:01:31,321.05,6,9,9,1.1154426318042434,0.0166666666666666,4015.593474495277,0,-0.1008983589593458,1,velocity,0.24069449422475464,1,0.9999999999999187,1.0
TXN200694,U003213,2025-03-15 01:01:40,177.97,7,10,10,2.651021008442645,0.2166666666666666,734.1288946456555,0,-0.7713573485536022,1,velocity,0.221846160050722,1,0.9999999999999138,1.0
TXN206038,U005508,2025-03-19 04:01:14,322.13,7,9,9,2.369900867453571,0.2,710.9702602360712,0,-0.6212424499756484,1,velocity,0.22021126304158023,1,0.9999999999999118,1.0
TXN157853,U001338,2025-02-12 02:02:18,242.38,7,14,14,2.2199682743586373,0.1666666666666666,799.1885787691095,0,-1.557918407504245,1,velocity,0.23502382526692656,1,0.9999999999999092,1.0
TXN206041,U005508,2025-03-19 04:01:54,383.91,7,12,12,2.330490294025194,0.0,0.0,0,-0.311954426073702,1,velocity,0.20381887939696597,1,0.9999999999999036,1.0
TXN153049,U001528,2025-02-08 15:01:39,213.54,5,8,8,4.7656873857317406,0.0333333333333333,8578.237294317132,0,-0.2943592997769293,1,velocity,0.23372474215119377,1,0.9999999999999023,1.0
TXN168719,U002355,2025-02-19 20:04:00,875.75,1,2,2,2068.16216806746,4.0,31022.4325210119,1,2.828798142954711,1,location_ip,0.26313343188825855,1,0.9999999999998999,1.0
TXN119291,U004363,2025-01-14 23:00:59,167.92,7,7,7,1.1530827549142049,0.0666666666666666,1037.7744794227845,0,-0.701104337788157,1,velocity,0.21206714262894288,1,0.9999999999998896,1.0
TXN183289,U004968,2025-03-02 12:02:01,40.22,7,13,13,1.7928416440829815,0.5833333333333334,184.4065691056781,0,-1.0639058096798424,1,velocity,0.23085490758872051,1,0.999999999999887,1.0
TXN177448,U001479,2025-02-26 06:01:24,162.57,7,9,9,0.913192873742889,0.1666666666666666,328.7494345474401,0,-0.5946731559569115,1,velocity,0.22227290821748102,1,0.9999999999998805,1.0
TXN104060,U004661,2025-01-03 21:00:50,182.66,6,6,6,5.52995056716896,0.0666666666666666,4976.955510452064,0,-0.5158681965369736,1,velocity,0.2191416505202427,1,0.9999999999998768,1.0
TXN160974,U000498,2025-02-14 10:01:01,151.78,7,8,8,7.065956948860373,0.2333333333333333,1816.9603582783816,0,-1.6737385215485192,1,velocity,0.22128237258704753,1,0.9999999999998703,1.0
TXN190141,U001313,2025-03-07 11:01:35,58.59,7,8,8,5.54774656096419,0.1833333333333333,1815.626147224644,0,-1.883730819131888,1,velocity,0.22427982308223504,1,0.9999999999998406,1.0
TXN178763,U004571,2025-02-26 23:02:00,1313.04,1,2,2,879.498203429434,2.0,26384.946102883023,1,1.63685056301395,1,location_ip,0.24642721778799714,1,0.9999999999998364,1.0
TXN207755,U001757,2025-03-20 10:01:38,167.27,5,8,8,4.583536076197496,0.0333333333333333,8250.364937155493,0,-0.4629790630707798,1,velocity,0.23294544931340522,1,0.9999999999998317,1.0
TXN190142,U001313,2025-03-07 11:02:02,95.53,7,9,9,4.726090849516262,0.45,630.1454466021682,0,-1.1419015379412596,1,velocity,0.21613579703034613,1,0.9999999999998035,1.0
TXN134476,U003566,2025-01-26 00:04:00,1090.09,1,2,2,2080.015242141368,4.0,31200.22863212052,1,2.194896908844429,1,location_ip,0.25980704383449016,1,0.9999999999997942,1.0
TXN144121,U004566,2025-02-02 07:01:19,181.73,5,7,7,7.875038587976931,0.0666666666666666,7087.534729179238,0,0.3872779965092567,1,velocity,0.23312676632878715,1,0.9999999999997804,1.0
TXN122673,U005025,2025-01-17 13:01:54,528.5,7,9,9,4.435611136934934,0.0,0.0,0,-0.472358665741423,1,velocity,0.18897975484575147,1,0.9999999999997562,1.0
TXN175914,U002896,2025-02-25 00:01:50,246.02,6,12,12,4.565879779620485,0.0833333333333333,3287.4334413267497,0,-0.7981459983350849,1,velocity,0.2398136417103226,1,0.9999999999997491,1.0
TXN172195,U001674,2025-02-22 12:03:00,229.77,1,2,2,1317.7536030396725,3.0,26355.072060793445,1,2.7962997280294237,1,location_ip,0.2562329589953406,1,0.9999999999997073,1.0
TXN137178,U005272,2025-01-28 02:01:31,289.02,5,8,8,6.486771079187016,0.05,7784.125295024419,0,-0.6747044743701828,1,velocity,0.2343787244413953,1,0.999999999999658,1.0
TXN184896,U000197,2025-03-03 15:03:00,1149.29,1,2,2,1532.103434385161,3.0,30642.068687703224,1,0.0226589546297438,1,location_ip,0.25231950512333357,1,0.9999999999995934,1.0
TXN119740,U003943,2025-01-15 11:04:00,487.07,1,2,2,2061.8089223664315,4.0,30927.133835496472,1,1.6179365760060451,1,location_ip,0.259442487003971,1,0.9999999999994931,1.0
TXN104217,U000253,2025-01-04 01:01:12,437.61,6,7,7,4.329656856225512,0.1166666666666666,2226.680668915977,0,0.3581772801521915,1,velocity,0.21645697084014281,1,0.9999999999994484,1.0
TXN200738,U004980,2025-03-15 05:02:02,371.58,6,13,13,3.6449428883770536,0.1333333333333333,1640.2242997696742,0,-0.3784924039516252,1,velocity,0.2345760032596076,1,0.9999999999993061,1.0
TXN191464,U002841,2025-03-08 10:01:23,186.24,6,6,6,7.202531702545901,0.1333333333333333,3241.1392661456557,0,-0.6179796767747764,1,velocity,0.21421644692157504,1,0.9999999999991578,1.0
TXN148250,U004040,2025-02-05 05:01:40,167.8,6,9,9,3.975950568944413,0.1,2385.5703413666474,0,-0.5327995296155575,1,velocity,0.22699761697347376,1,0.9999999999991291,1.0
TXN189658,U003118,2025-03-06 22:03:00,2201.12,1,2,2,1181.8821002123354,3.0,23637.642004246707,1,3.561097016515363,1,location_ip,0.2527915815926344,1,0.9999999999991058,1.0
TXN100017,U003257,2025-01-01 01:03:00,562.35,1,2,2,1358.3607154263375,3.0,27167.21430852675,1,1.406204884947409,1,location_ip,0.2505992580275431,1,0.9999999999990168,1.0
TXN136361,U002735,2025-01-27 13:04:00,450.61,1,2,2,1882.1606827227668,4.0,28232.410240841506,1,2.374638156323521,1,location_ip,0.2607570108674281,1,0.999999999998854,1.0
TXN176439,U004416,2025-02-25 12:02:08,312.47,6,11,11,2.0291478321268888,0.5333333333333333,228.27913111427495,0,0.6861660535204003,1,velocity,0.22503483925106538,1,0.9999999999988134,1.0
TXN122083,U005635,2025-01-17 01:01:41,10.0,6,11,11,1.6083507591645063,0.05,1930.020910997408,0,-0.8436768888531577,1,velocity,0.2328473726799175,1,0.9999999999986928,1.0
TXN134569,U001573,2025-01-26 07:01:07,625.05,6,7,7,3.937220654882473,0.1333333333333333,1771.7492946971129,0,0.0279851625596823,1,velocity,0.2110204767800884,1,0.9999999999985862,1.0
TXN183050,U002034,2025-03-02 09:01:12,228.69,6,6,6,5.0804531189776245,0.1333333333333333,2286.203903539931,0,-0.2495933756832049,1,velocity,0.20751802056921986,1,0.9999999999984979,1.0
TXN214288,U000649,2025-03-25 01:00:28,549.37,6,6,6,2.9008633609522323,0.0833333333333333,2088.6216198856077,0,-0.2362608794772961,1,velocity,0.2066951851423391,1,0.999999999998201,1.0
TXN183945,U000798,2025-03-02 20:04:00,975.76,1,2,2,2147.334402763061,4.0,32210.01604144591,1,-0.1223882343951507,1,location_ip,0.2596712821605618,1,0.9999999999981208,1.0
TXN117917,U002632,2025-01-13 23:04:00,573.71,1,2,2,1851.6347035047809,4.0,27774.520552571717,1,2.159824358496524,1,location_ip,0.2596247448647171,1,0.9999999999979414,1.0
TXN154970,U005158,2025-02-09 21:01:09,520.6,6,6,6,3.730531154347633,0.1,2238.31869260858,0,-0.7727290866682822,1,velocity,0.20456475936038254,1,0.9999999999968645,1.0
TXN200693,U003213,2025-03-15 01:01:27,242.93,6,9,9,2.2440038772671063,0.2333333333333333,577.029568440113,0,-0.0620642188853965,1,velocity,0.2197199382295183,1,0.9999999999967941,1.0
TXN211567,U003061,2025-03-23 03:03:00,368.68,1,2,2,1176.7265103773063,3.0,23534.53020754613,1,2.6021523269320754,1,location_ip,0.2497249293453092,1,0.9999999999966729,1.0
TXN137179,U005272,2025-01-28 02:01:43,292.97,6,9,9,4.132685398771592,0.2,1239.8056196314776,0,-0.6214446141491934,1,velocity,0.2192910337293964,1,0.9999999999966058,1.0
TXN202750,U003886,2025-03-16 15:02:23,250.57,5,9,9,3.559769443930183,0.05,4271.723332716219,0,0.0407605084913427,1,velocity,0.23659745088250916,1,0.9999999999963778,1.0
TXN116756,U003519,2025-01-13 08:04:00,835.44,1,2,2,1882.1606827227668,4.0,28232.410240841506,1,1.4207121164960457,1,location_ip,0.25672460366586725,1,0.9999999999960139,1.0
TXN157845,U001338,2025-02-12 02:01:14,467.78,6,7,7,1.015498747473655,0.2833333333333333,215.04679358265636,0,0.4864718574675684,1,velocity,0.2043275188095801,1,0.9999999999959381,1.0
TXN122750,U000490,2025-01-17 14:01:06,135.81,5,5,5,5.127053274123726,0.05,6152.46392894847,0,-0.7653646675680669,1,velocity,0.2122669519450976,1,0.9999999999956328,1.0
TXN183284,U004968,2025-03-02 12:01:20,148.11,6,8,8,4.7778070919256335,0.0,0.0,0,0.8165046343615188,1,velocity,0.17437375077893302,1,0.9999999999953759,1.0
TXN168310,U004962,2025-02-19 16:02:26,284.37,6,11,11,1.0537949156120208,0.15,421.5179662448083,0,-0.6795121753581589,1,velocity,0.22628195050084166,1,0.9999999999947908,1.0
TXN156348,U004226,2025-02-10 21:01:27,804.4,6,7,7,2.1089764348026576,0.0833333333333333,1518.4630330579137,0,-0.8330664850644892,1,velocity,0.20873920001386426,1,0.9999999999945768,1.0
TXN216242,U001739,2025-03-26 14:01:22,258.24,6,7,7,1.127828014732137,0.0666666666666666,1015.045213258923,0,-0.5578880759898436,1,velocity,0.2101242964414689,1,0.9999999999938369,1.0
TXN201035,U004792,2025-03-15 10:02:23,360.16,6,7,7,6.210316154330589,0.25,1490.4758770393414,0,-0.9199305003707428,1,velocity,0.20746004353632208,1,0.9999999999935365,1.0
TXN175908,U002896,2025-02-25 00:00:35,275.13,6,6,6,4.680019185563959,0.1833333333333333,1531.6426425482048,0,-0.7913938221951436,1,velocity,0.19898763101315708,1,0.9999999999929416,1.0
TXN150077,U002499,2025-02-06 12:04:00,899.05,1,2,2,1618.8555906737165,4.0,24282.833860105744,1,2.828525485862368,1,location_ip,0.25875162789447637,1,0.9999999999909213,1.0
TXN147386,U001350,2025-02-04 13:03:00,373.16,1,2,2,1082.0685645845683,3.0,21641.371291691365,1,2.758500656981716,1,location_ip,0.24918497486737146,1,0.9999999999887779,1.0
TXN129083,U002517,2025-01-22 07:01:42,163.53,6,6,6,7.535109217742596,0.55,822.0119146628286,0,-0.6644041816145739,1,velocity,0.20209905589156985,1,0.9999999999882878,1.0
TXN178148,U000607,2025-02-26 16:02:12,10.0,6,11,11,1.8360722058792665,0.1166666666666666,944.2657058807656,0,-2.0027169158821208,1,velocity,0.2334263771367392,1,0.9999999999855842,1.0
TXN107258,U005849,2025-01-06 11:02:09,220.04,5,10,10,4.47101438514323,0.1,2682.6086310859378,0,0.1233536101151279,1,velocity,0.2312152147976374,1,0.9999999999854663,1.0
TXN116755,U000025,2025-01-13 08:04:00,160.82,1,2,2,1882.1606827227668,4.0,28232.410240841506,1,0.3619255805955728,1,location_ip,0.25684803133784984,1,0.9999999999852069,1.0
TXN128247,U002963,2025-01-21 14:00:34,213.64,5,5,5,3.895413114220728,0.05,4674.4957370648735,0,-0.5451106892236053,1,velocity,0.20778939785283956,1,0.9999999999848066,1.0
TXN190220,U001096,2025-03-07 12:01:24,242.37,6,8,8,3.6482919461796577,0.2666666666666666,820.865687890423,0,-1.2457602029836794,1,velocity,0.20885518346419685,1,0.9999999999846205,1.0
TXN147639,U001641,2025-02-04 17:00:51,280.66,4,4,4,1.9561763186716172,0.0166666666666666,7042.234747217823,0,0.9103325640302214,1,velocity,0.2023427741204944,1,0.999999999980518,1.0
TXN122080,U005635,2025-01-17 01:01:23,79.46,5,8,8,3.0987326582306016,0.1833333333333333,1014.130688148197,0,1.6052381333240782,1,velocity,0.21581095278678597,1,0.9999999999790605,1.0
TXN132563,U001361,2025-01-24 17:01:54,204.74,5,6,6,7.037292770792542,0.1166666666666666,3619.179139264736,0,-0.2028259538018284,1,velocity,0.2142247592493438,1,0.9999999999780773,1.0
TXN138685,U005418,2025-01-29 08:01:13,51.91,6,6,6,1.5009109424114333,0.05,1801.09313089372,0,-2.123650355913067,1,velocity,0.21282818006026505,1,0.999999999977621,1.0
TXN129795,U000610,2025-01-22 17:00:43,75.79,6,6,6,4.744970543589331,0.2333333333333333,1220.1352826372568,0,-1.5036279535792136,1,velocity,0.19986855011141957,1,0.9999999999771054,1.0
TXN103967,U003801,2025-01-03 20:02:00,611.88,1,2,2,621.4628500760243,2.0,18643.88550228073,1,2.583223163780586,1,location_ip,0.24036710003131923,1,0.9999999999677982,1.0
TXN125926,U003851,2025-01-19 20:02:00,180.0,4,6,6,2.1395803774369013,0.0166666666666666,7702.489358772845,0,-0.498812658058336,1,velocity,0.21733983267320167,1,0.9999999999666311,1.0
TXN173580,U001032,2025-02-23 11:01:49,302.19,4,7,7,6.516578875136581,0.05,7819.894650163897,0,-0.9840057141854766,1,velocity,0.2222714919834221,1,0.9999999999563847,1.0
TXN141416,U001928,2025-01-31 08:02:23,98.57,5,10,10,2.8637740879994444,0.2,859.1322263998333,0,0.5897299761009633,1,velocity,0.22230116494103946,1,0.9999999999439559,1.0
TXN159203,U001969,2025-02-13 01:02:29,474.35,5,12,12,5.367477477670782,0.2833333333333333,1136.6422893891067,0,0.0079889897133188,1,velocity,0.23070112784352803,1,0.9999999999437372,1.0
TXN130405,U001875,2025-01-23 02:00:54,64.26,6,6,6,1.5360625327835935,0.2333333333333333,394.9875084300669,0,-1.6964306638879514,1,velocity,0.20024179812227494,1,0.9999999999358578,1.0
TXN153273,U004045,2025-02-08 18:03:00,1271.85,1,2,2,1076.2849068054777,3.0,21525.698136109557,1,1.330931985216278,1,location_ip,0.24431558901045014,1,0.9999999999224602,1.0
TXN129079,U002517,2025-01-22 07:00:54,120.04,3,3,3,3.4143235134310035,0.0166666666666666,12291.564648351612,0,-0.9700626633069558,1,velocity,0.1871972926196599,1,0.999999999891467,1.0
TXN178147,U000607,2025-02-26 16:02:05,154.95,5,10,10,1.8501274423263965,0.2,555.0382326979189,0,0.2675360950060093,1,velocity,0.22343225155276436,1,0.9999999998897766,1.0
TXN157846,U001338,2025-02-12 02:01:14,226.56,6,7,7,1.0730298461223118,0.0,0.0,0,-1.763552107678561,1,velocity,0.17407210141752827,1,0.99999999986832,1.0
TXN194796,U000570,2025-03-10 19:02:00,360.05,1,2,2,511.6832161595025,2.0,15350.496484785075,1,3.5425863523491,1,location_ip,0.2415118059613548,1,0.999999999855931,1.0
TXN211534,U000906,2025-03-23 01:02:07,480.81,5,7,7,8.588422233909448,0.2166666666666666,2378.33231092877,0,-0.8222391550489723,1,velocity,0.21030294197675548,1,0.9999999998538194,1.0
TXN119347,U004767,2025-01-15 01:03:00,1254.85,1,2,2,945.1078393783572,3.0,18902.156787567143,1,2.40764017741586,1,location_ip,0.2414354342529932,1,0.9999999998512281,1.0
TXN195467,U004075,2025-03-11 10:01:26,142.71,5,6,6,5.19241701146674,0.1333333333333333,2336.587655160033,0,-0.5990405234564025,1,velocity,0.20229232284072685,1,0.9999999998484781,1.0
TXN167437,U005193,2025-02-18 22:00:42,374.52,5,5,5,1.9468805039704584,0.05,2336.25660476455,0,-0.4506632211713672,1,velocity,0.19951634649246797,1,0.9999999998475173,1.0
TXN211597,U002465,2025-03-23 05:01:55,220.56,5,10,10,4.26576421545063,0.15,1706.3056861802518,0,-0.9816464694923216,1,velocity,0.2200000231769086,1,0.9999999998216147,1.0
TXN138933,U002878,2025-01-29 11:02:22,205.6,5,7,7,2.966964105871709,0.1666666666666666,1068.1070781138153,0,0.0654208016558891,1,velocity,0.2033417548894363,1,0.9999999998082609,1.0
TXN127626,U001845,2025-01-21 03:00:34,179.25,5,5,5,7.577596145397025,0.1666666666666666,2727.934612342929,0,-1.069646154570781,1,velocity,0.19918982429059529,1,0.9999999997691489,1.0
TXN222184,U002629,2025-03-30 18:00:42,105.6,5,5,5,4.078776808479838,0.2166666666666666,1129.5074238867244,0,0.2351365164096975,1,velocity,0.19170067115268496,1,0.9999999997557472,1.0
TXN126181,U002644,2025-01-20 02:00:33,100.04,5,5,5,4.524086012716181,0.1,2714.451607629708,0,-1.10148069304189,1,velocity,0.19526889935612002,1,0.999999999745002,1.0
TXN185405,U003563,2025-03-03 21:01:46,166.28,5,9,9,6.508594186474523,0.6333333333333333,616.6036597712706,0,-0.4302444934554385,1,velocity,0.21902203959610123,1,0.9999999996820752,1.0
TXN188376,U002562,2025-03-06 04:01:58,294.15,5,6,6,2.217028577342972,0.0833333333333333,1596.2605756869398,0,-0.6482573431948189,1,velocity,0.19884978219544192,1,0.999999999652609,1.0
TXN122106,U000414,2025-01-17 03:03:00,1555.62,1,2,2,1033.0985122877407,3.0,20661.97024575481,1,0.689873959767724,1,location_ip,0.2382088155797455,1,0.9999999996417355,1.0
TXN122504,U005490,2025-01-17 11:00:52,567.86,5,5,5,1.830703536705884,0.15,732.2814146823536,0,0.1909692866511387,1,velocity,0.19283279213216786,1,0.999999999629305,1.0
TXN126220,U001338,2025-01-20 05:01:53,515.2,5,6,6,1.8575920759707965,0.2833333333333333,393.3724396173452,0,0.3012650171634101,1,velocity,0.19383739650254272,1,0.999999999622182,1.0
TXN178151,U000607,2025-02-26 16:02:25,75.46,5,12,12,1.061744543213902,0.2166666666666666,294.02156581308054,0,-0.908243084782406,1,velocity,0.22566433114319162,1,0.9999999995739866,1.0
TXN190071,U005522,2025-03-07 10:01:39,126.79,5,6,6,4.541541484234559,0.15,1816.6165936938237,0,-1.092804140412237,1,velocity,0.19438776954608616,1,0.9999999994734285,1.0
TXN159201,U001969,2025-02-13 01:02:11,372.97,5,10,10,1.7147062292319797,0.2166666666666666,474.84172501808666,0,-0.98899227941896,1,velocity,0.2174710682752059,1,0.9999999993778821,1.0
TXN188377,U002562,2025-03-06 04:02:17,297.74,5,7,7,4.084922691010612,0.3166666666666666,773.9853519809581,0,-0.601028149612102,1,velocity,0.19859370604731796,1,0.9999999993656625,1.0
TXN206039,U005508,2025-03-19 04:01:51,270.14,5,10,10,2.7509548538569097,0.6166666666666667,267.66047226715875,0,-0.8173904524803931,1,velocity,0.21462701617717195,1,0.9999999993518436,1.0
TXN190771,U005196,2025-03-07 19:00:32,265.86,5,5,5,1.6248706620217894,0.2166666666666666,449.9641833291109,0,-0.0549178147197417,1,velocity,0.18931497535140562,1,0.99999999929885,1.0
TXN164165,U003825,2025-02-16 15:00:59,543.09,5,5,5,4.899814546107663,0.4333333333333333,678.4358602302917,0,-0.2089803658713776,1,velocity,0.18811331506699736,1,0.9999999992981345,1.0
TXN104213,U000253,2025-01-04 01:00:45,368.53,4,4,4,3.793045192125589,0.0333333333333333,6827.4813458260605,0,-1.824135438033612,1,velocity,0.1997560469081593,1,0.9999999992482596,1.0
TXN101315,U000236,2025-01-01 21:01:38,350.69,5,5,5,4.894632181105014,0.2,1468.389654331504,0,-0.9197681064828024,1,velocity,0.18804723689517133,1,0.9999999992206867,1.0
TXN214923,U001307,2025-03-25 14:00:49,200.07,5,5,5,0.902926822972938,0.1,541.7560937837627,0,-0.2928878413262519,1,velocity,0.19121103395978256,1,0.9999999991677473,1.0
TXN129792,U000610,2025-01-22 17:00:08,223.95,4,4,4,4.0618321426332,0.0666666666666666,3655.64892836988,0,0.6856683359297112,1,velocity,0.1908104176198987,1,0.9999999991242914,1.0
TXN126219,U001338,2025-01-20 05:01:36,432.13,5,5,5,0.8630228603589117,0.0833333333333333,621.3764594584165,0,-0.4379176432553029,1,velocity,0.19216985759912664,1,0.9999999990928221,1.0
TXN129799,U000610,2025-01-22 17:01:24,102.86,4,8,8,6.302445918009349,0.0833333333333333,4537.761060966732,0,-0.937827239418312,1,velocity,0.22058476264223725,1,0.9999999990897805,1.0
TXN176431,U004416,2025-02-25 12:01:02,234.41,5,5,5,3.976146535136934,0.3333333333333333,715.7063763246482,0,-0.4425812592622781,1,velocity,0.18695445901363972,1,0.999999999083568,1.0
TXN184142,U002945,2025-03-02 23:02:05,487.61,3,8,7,8.945898365409926,0.1,5367.539019245955,0,-0.9233272158092176,1,velocity,0.2176649574193522,1,0.9999999988495705,1.0
TXN171718,U003539,2025-02-22 00:02:06,162.3,5,5,5,3.0641235187431,0.15,1225.64940749724,0,-1.0585200480727972,1,velocity,0.1869761155981461,1,0.9999999988150456,1.0
TXN191463,U002841,2025-03-08 10:01:15,175.31,5,5,5,5.268860831670897,0.4333333333333333,729.5345766928933,0,-0.7369543088929454,1,velocity,0.18781460731242883,1,0.9999999987068948,1.0
TXN139851,U003429,2025-01-29 23:02:05,358.12,4,7,7,6.44946844652086,0.1166666666666666,3316.8694867821564,0,-0.022058903916399,1,velocity,0.2127600520194376,1,0.9999999987050721,1.0
TXN145464,U005061,2025-02-03 02:01:18,2327.3,5,5,5,3.902377740190367,0.2333333333333333,1003.4685617632372,0,-0.9544912631354824,1,velocity,0.18428176783677985,1,0.9999999986420738,1.0
TXN203622,U003050,2025-03-17 10:00:54,15.29,5,5,5,5.6004030394772615,0.2,1680.1209118431784,0,-1.6936726161100606,1,velocity,0.19478468589840447,1,0.9999999985088337,1.0
TXN175283,U003083,2025-02-24 15:01:48,268.73,5,7,7,2.6529912723905915,0.4166666666666667,382.0307432242452,0,-0.9679305485240476,1,velocity,0.19527287040174568,1,0.9999999984609753,1.0
TXN167538,U002219,2025-02-19 00:02:17,609.42,4,12,12,4.181130213268226,0.1,2508.6781279609354,0,-0.4708241981859997,1,velocity,0.22948152642772868,1,0.9999999983084915,1.0
TXN185975,U005985,2025-03-04 11:00:57,267.47,5,5,5,3.5065285625168814,0.2166666666666666,971.0386788508288,0,-1.1160757812799404,1,velocity,0.18472552690247468,1,0.9999999983020804,1.0
TXN101317,U000236,2025-01-01 21:01:55,472.66,4,6,6,3.672128686421889,0.2833333333333333,777.6272512422822,0,1.961002873834972,1,velocity,0.1978840852662026,1,0.9999999980220038,1.0
TXN183280,U004968,2025-03-02 12:00:53,69.01,5,5,5,1.8156920643713208,0.4833333333333333,225.39625626678463,0,-0.6935858319182678,1,velocity,0.1812275701911059,1,0.9999999978044347,1.0
TXN171720,U003539,2025-02-22 00:02:23,120.86,5,6,6,2.9433127791611917,0.2833333333333333,623.2897649988405,0,-1.3967795040159123,1,velocity,0.19415916453418758,1,0.999999997523926,1.0
TXN133205,U000895,2025-01-25 07:04:00,870.97,1,2,2,1181.8821002123354,4.0,17728.23150318503,1,1.9160090674045331,1,location_ip,0.24249435254893026,1,0.9999999972746705,1.0
TXN130403,U001875,2025-01-23 02:00:32,89.76,4,4,4,4.446299541657161,0.05,5335.559449988593,0,-1.6031203549468305,1,velocity,0.19235712383158599,1,0.999999997200778,1.0
TXN126287,U005704,2025-01-20 07:04:00,52.1,1,2,2,1607.0991969543372,4.0,24106.48795431506,1,-1.6603833728193016,1,location_ip,0.2512297135153595,1,0.9999999969943245,1.0
TXN135820,U001277,2025-01-27 00:05:00,1859.85,1,1,2,2022.1412859876184,5.0,24265.695431851425,1,2.457523846889386,1,location_ip,0.2512832811687431,1,0.9999999967934492,1.0
TXN203625,U003050,2025-03-17 10:01:50,169.17,4,8,8,5.964478579940423,0.2166666666666666,1651.7017605988865,0,0.3895539860517822,1,velocity,0.21039513962220424,1,0.9999999964732804,1.0
TXN130016,U005709,2025-01-22 19:00:58,217.34,5,5,5,0.3719373693215544,0.1833333333333333,121.72495723250871,0,-1.0774307032880908,1,velocity,0.17949875236520796,1,0.9999999960061416,1.0
TXN104880,U004765,2025-01-04 15:00:50,786.78,4,4,4,4.939459137108901,0.3333333333333333,889.1026446796023,0,1.7534800208105066,1,velocity,0.17958414869068384,1,0.9999999957444119,1.0
TXN113811,U003607,2025-01-11 00:00:50,371.93,4,4,4,7.958113032264971,0.3166666666666666,1507.8529955870472,0,1.0171157702405191,1,velocity,0.18579954583102076,1,0.9999999946917968,1.0
TXN131093,U003982,2025-01-23 16:00:54,494.9,4,4,3,3.9988735328871594,0.25,959.729647892918,0,-0.8296282684895175,1,velocity,0.15797393793167047,1,0.999999994063298,1.0
TXN115972,U004659,2025-01-12 16:04:00,3641.21,1,2,2,1176.7265103773063,4.0,17650.897655659595,1,1.2497114087722423,1,location_ip,0.2405450553583175,1,0.9999999932426609,1.0
TXN176805,U000101,2025-02-25 17:04:00,500.02,1,2,2,1357.7741901445263,4.0,20366.61285216789,1,-0.2715282839627401,1,location_ip,0.2464116967804657,1,0.9999999932016492,1.0
TXN117015,U000859,2025-01-13 11:04:00,764.82,1,2,2,1371.808916123536,4.0,20577.13374185304,1,-0.4213360193578311,1,location_ip,0.24668082486870624,1,0.9999999929034125,1.0
TXN104065,U004661,2025-01-03 21:02:01,151.38,4,10,10,6.675452876816965,0.2166666666666666,1848.5869505031596,0,-0.8621769099140342,1,velocity,0.21842681974611788,1,0.9999999912267238,1.0
TXN150440,U004612,2025-02-06 17:02:00,234.76,4,7,7,2.896957399887917,0.0833333333333333,2085.809327919301,0,-0.5273090477698918,1,velocity,0.20420085470755345,1,0.9999999908408365,1.0
TXN144125,U004566,2025-02-02 07:02:21,127.9,4,11,11,0.4164318421380251,0.0333333333333333,749.5773158484452,0,-0.3137103718487668,1,velocity,0.2216332736946307,1,0.9999999897177175,1.0
TXN217001,U003411,2025-03-27 03:01:52,128.11,4,6,6,6.371352921653572,0.2,1911.4058764960716,0,-0.2681202236804068,1,velocity,0.1972588900281298,1,0.9999999894780008,1.0
TXN104058,U004661,2025-01-03 21:00:38,227.51,4,4,4,7.911080302067323,0.2833333333333333,1675.2875933789626,0,0.3579414623785262,1,velocity,0.1830680634408468,1,0.9999999893591468,1.0
TXN136359,U005644,2025-01-27 13:02:00,170.01,1,2,2,430.8398539469202,2.0,12925.195618407606,1,1.824831750740338,1,location_ip,0.22711294292954975,1,0.9999999888378174,1.0
TXN194929,U001680,2025-03-10 20:01:56,453.34,4,6,6,1.7074807977915991,0.05,2048.976957349919,0,-0.4923909597969825,1,velocity,0.2002141389191765,1,0.9999999886767531,1.0
TXN159217,U000543,2025-02-13 02:01:54,362.11,4,8,8,5.792061508238091,0.2833333333333333,1226.5542017445368,0,-0.2300429169114965,1,velocity,0.20551177138661725,1,0.9999999875272151,1.0
TXN127633,U001845,2025-01-21 03:02:24,159.23,4,12,12,7.095861957540319,0.3666666666666666,1161.141047597507,0,-1.0849168228061368,1,velocity,0.2243796877716624,1,0.999999984986945,1.0
TXN118111,U004060,2025-01-14 08:01:45,58.34,4,6,6,6.000745984368795,0.25,1440.1790362485108,0,-0.3463293339032977,1,velocity,0.19436999008077038,1,0.9999999807372207,1.0
TXN188446,U004629,2025-03-06 07:01:46,155.69,4,7,7,2.8588870420328254,0.1333333333333333,1286.4991689147714,0,-0.4609501171526031,1,velocity,0.1982819901249333,1,0.999999979661238,1.0
TXN177444,U001479,2025-02-26 06:00:43,328.62,4,4,4,3.5370055569392616,0.3,707.4011113878523,0,0.7087760492177183,1,velocity,0.17021038497207497,1,0.9999999785967093,1.0
TXN139795,U004076,2025-01-29 22:04:00,3662.06,1,2,2,945.1078393783572,4.0,14176.617590675358,1,2.177328709061324,1,location_ip,0.23926335882279515,1,0.9999999784931011,1.0
TXN144123,U004566,2025-02-02 07:02:10,132.97,4,9,9,3.816651399418135,0.5666666666666667,404.1160305266261,0,-0.2469051337727608,1,velocity,0.2080516430252094,1,0.9999999768368905,1.0
TXN126186,U002644,2025-01-20 02:01:57,153.94,4,10,10,0.3594761962166509,0.4333333333333333,49.77362716845936,0,-0.1410859126223075,1,velocity,0.20928088495880592,1,0.9999999763880209,1.0
TXN125925,U003851,2025-01-19 20:01:59,183.76,3,5,5,4.71540040741134,0.05,5658.480488893608,0,-0.4855882530495803,1,velocity,0.19959505585599957,1,0.9999999755240846,1.0
TXN182920,U004730,2025-03-02 07:02:02,273.31,4,7,7,3.7852454869672822,0.6833333333333333,332.36301836785896,0,0.1406566377108398,1,velocity,0.19294421249359384,1,0.9999999730367025,1.0
TXN175910,U002896,2025-02-25 00:01:19,276.19,4,8,8,4.388418886341413,0.25,1053.2205327219392,0,-0.745390925470563,1,velocity,0.20231774443144313,1,0.999999970722081,1.0
TXN104068,U004661,2025-01-03 21:02:24,118.19,4,11,11,6.14808262769902,0.3833333333333333,962.308585205064,0,-1.309166685541187,1,velocity,0.22065599956247217,1,0.9999999700635678,1.0
TXN126180,U002644,2025-01-20 02:00:27,207.31,4,4,4,2.6191540218268696,0.2666666666666666,589.3096549110456,0,0.4683705019320439,1,velocity,0.17308748224252823,1,0.9999999691759457,1.0
TXN219282,U000432,2025-03-28 17:01:11,99.74,4,6,6,4.2557290247481925,0.25,1021.3749659395662,0,-0.3622582289360505,1,velocity,0.1879536803316849,1,0.9999999674508799,1.0
TXN148245,U004040,2025-02-05 05:00:47,190.17,4,4,4,4.055513672200653,0.15,1622.2054688802612,0,-0.4359839678710513,1,velocity,0.17185742923176717,1,0.9999999648660648,1.0
TXN169184,U001889,2025-02-20 09:01:17,204.76,4,6,6,2.4375254751461024,0.15,975.0101900584408,0,-0.5210530409024611,1,velocity,0.19062210775982413,1,0.9999999605707119,1.0
TXN199141,U002225,2025-03-13 21:02:11,130.07,4,6,6,5.166057099467972,0.1833333333333333,1690.7095961895182,0,-1.1989972130687772,1,velocity,0.19297357073615218,1,0.9999999558789228,1.0
TXN178661,U003700,2025-02-26 21:03:00,787.78,1,2,2,515.2416343776234,3.0,10304.832687552467,1,3.010534488697012,1,location_ip,0.23332070671011884,1,0.9999999535740526,1.0
TXN130407,U001875,2025-01-23 02:01:37,126.85,4,8,8,3.897866060246137,0.4333333333333333,539.7045314186959,0,-0.7063305429494988,1,velocity,0.20103812339503968,1,0.9999999529203727,1.0
TXN203626,U003050,2025-03-17 10:02:19,82.6,4,9,9,3.2934714913961103,0.4833333333333333,408.8447368629654,0,-0.8045511673011655,1,velocity,0.20641414040443962,1,0.9999999528762471,1.0
TXN126916,U000716,2025-01-20 15:01:58,211.79,4,6,6,2.668716589233485,0.15,1067.486635693394,0,-0.7803417421769426,1,velocity,0.18958065012033376,1,0.9999999494704802,1.0
TXN188443,U004629,2025-03-06 07:01:16,156.94,4,4,4,10.799948709233696,0.5,1295.9938451080434,0,-0.5732207569910682,1,velocity,0.17805695307171343,1,0.9999999461516098,1.0
TXN192042,U000462,2025-03-08 18:01:27,223.54,4,7,7,3.099713822587071,0.75,247.97710580696565,0,-0.3284060088069312,1,velocity,0.1864796582512891,1,0.9999999421586385,1.0
TXN132562,U001361,2025-01-24 17:01:47,152.42,4,5,5,5.082221535856324,0.3166666666666666,962.9472383727772,0,-0.6707443674697431,1,velocity,0.18303849253478977,1,0.9999999355082242,1.0
TXN191164,U001068,2025-03-08 06:02:19,161.09,4,5,5,5.6714876864481765,0.2,1701.4463059344528,0,-1.3150239955743983,1,velocity,0.18630609401049614,1,0.9999999339854776,1.0
TXN207754,U001757,2025-03-20 10:01:36,140.91,4,7,7,3.0592599115045203,0.3166666666666666,579.6492463903302,0,-0.8075383582177547,1,velocity,0.19227860243964634,1,0.9999999310107593,1.0
TXN101318,U000236,2025-01-01 21:02:13,357.59,4,7,7,1.8806211430225368,0.3,376.1242286045073,0,-0.7179796040685421,1,velocity,0.1942507036545964,1,0.9999999272870284,1.0
TXN107252,U005849,2025-01-06 11:01:07,171.55,4,5,5,6.841989665137061,0.4333333333333333,947.3524151728236,0,-0.7990013783654883,1,velocity,0.1850121636109654,1,0.9999999249197308,1.0
TXN206603,U001151,2025-03-19 13:02:08,394.28,4,7,7,1.9869745375450063,0.6833333333333333,174.4660569551713,0,-0.5236619472290155,1,velocity,0.18744296635759417,1,0.9999999223903908,1.0
TXN134497,U004122,2025-01-26 01:01:17,881.14,4,5,5,5.596490978633691,0.3166666666666666,1060.3877643726992,0,-0.8921028001519794,1,velocity,0.1818775486570371,1,0.9999999212786235,1.0
TXN122749,U000490,2025-01-17 14:01:03,166.24,4,4,4,6.155940191278767,0.5166666666666667,714.8833770517276,0,-0.3793570365411302,1,velocity,0.17171632766409217,1,0.9999999189555807,1.0
TXN202749,U003886,2025-03-16 15:02:20,162.93,4,8,8,1.5878952027660058,0.7833333333333333,121.62601553101322,0,-0.7531063263473633,1,velocity,0.1948965273974752,1,0.9999999179859101,1.0
TXN116831,U004980,2025-01-13 09:00:45,266.61,4,4,4,4.204979567648658,0.2,1261.4938702945972,0,-0.8418360840233554,1,velocity,0.1684834653355095,1,0.9999999125029314,1.0
TXN107256,U005849,2025-01-06 11:02:01,127.14,4,8,8,4.643795672763785,0.3166666666666666,879.8770748394539,0,-1.5444825811545753,1,velocity,0.20598695240127018,1,0.9999999115657046,1.0
TXN185973,U005985,2025-03-04 11:00:44,352.97,4,4,4,3.343638984510705,0.2,1003.0916953532114,0,-0.6663944054850726,1,velocity,0.16723087766625166,1,0.9999999078000391,1.0
TXN141407,U001928,2025-01-31 08:01:05,22.15,4,4,4,5.514923951271969,0.1833333333333333,1804.884202234463,0,-1.4746364804881984,1,velocity,0.17885446278241313,1,0.9999999039690374,1.0
TXN174611,U003634,2025-02-24 00:00:57,57.77,4,4,4,6.227162789730092,0.25,1494.519069535222,0,-1.2778115501469127,1,velocity,0.17424919048551168,1,0.9999998898210755,1.0
TXN194928,U001680,2025-03-10 20:01:53,376.95,4,5,5,4.529568978780563,0.4666666666666667,582.3731544146437,0,-0.7636438171594432,1,velocity,0.17988595867880075,1,0.9999998896731785,1.0
TXN169182,U001889,2025-02-20 09:00:38,185.21,4,4,4,4.2684142916176535,0.3,853.6828583235307,0,-0.7008566600523158,1,velocity,0.1679941275747504,1,0.9999998893498663,1.0
TXN210184,U002670,2025-03-22 06:01:42,364.54,4,7,7,5.4386032333096255,0.4833333333333333,675.1369531005053,0,-1.3156840110672323,1,velocity,0.195178698862577,1,0.9999998859955176,1.0
TXN159213,U000543,2025-02-13 02:00:44,268.3,4,4,4,4.281790560431779,0.3166666666666666,811.2866325028634,0,-0.7342225837895975,1,velocity,0.1666086715634426,1,0.9999998771005212,1.0
TXN159215,U000543,2025-02-13 02:01:25,302.27,3,6,6,6.40959167515451,0.1,3845.7550050927057,0,-0.5490534576661186,1,velocity,0.20434638094978042,1,0.9999998744205052,1.0
TXN140438,U005504,2025-01-30 13:04:00,153.53,1,2,2,1181.8821002123354,4.0,17728.23150318503,1,-1.1189284393239776,1,location_ip,0.236557886414968,1,0.9999998709270976,1.0
TXN174464,U004413,2025-02-23 21:02:11,328.15,4,7,7,3.930622812305773,0.0,0.0,0,-0.386311815291032,1,velocity,0.15171943397650045,1,0.999999862387564,1.0
TXN210909,U001111,2025-03-22 17:00:35,982.23,3,3,3,9.983700980869363,0.1166666666666666,5134.474790161387,0,-0.9007394952513488,1,velocity,0.17676808750981654,1,0.9999998605108454,1.0
TXN138930,U002878,2025-01-29 11:01:56,151.63,4,5,5,2.3228011972046594,0.3333333333333333,418.1042154968387,0,-0.7846288649852129,1,velocity,0.17604618218833545,1,0.9999998601128552,1.0
TXN142633,U003239,2025-02-01 00:01:12,959.81,4,4,4,2.151847290085289,0.25,516.4433496204695,0,-0.6124815951987543,1,velocity,0.16619961591024857,1,0.9999998592842787,1.0
TXN112669,U002586,2025-01-10 09:06:00,697.96,1,1,2,2147.334402763061,6.0,21473.344027630603,1,2.1239844230207883,1,location_ip,0.2498040602280035,1,0.9999998567181779,1.0
TXN196592,U002179,2025-03-12 02:01:10,36.96,4,4,4,1.8050646423729295,0.7666666666666667,141.2659285335336,0,-0.2354621527283205,1,velocity,0.15806659647350452,1,0.9999998552782451,1.0
TXN214535,U003048,2025-03-25 09:02:23,67.91,4,7,7,3.2539439174323808,0.2333333333333333,836.7284359111836,0,-1.696582413937644,1,velocity,0.196656493784795,1,0.9999998492519243,1.0
TXN190135,U001313,2025-03-07 11:01:03,102.16,4,4,4,1.66739697270934,0.0833333333333333,1200.525820350725,0,-1.5235755812161662,1,velocity,0.17721096514283097,1,0.9999998136590781,1.0
TXN156515,U004454,2025-02-11 03:02:13,358.31,4,6,6,0.8303715199733892,0.3666666666666666,135.8789759956455,0,-0.9996051578111144,1,velocity,0.18057391623672248,1,0.9999998104494301,1.0
TXN145463,U005061,2025-02-03 02:01:04,2334.01,4,4,4,3.9281094940176575,0.3333333333333333,707.0597089231784,0,-1.0461452502256106,1,velocity,0.16602361059399628,1,0.9999997979771065,1.0
TXN186606,U005987,2025-03-04 19:01:10,201.08,4,4,4,3.280103415264761,0.2,984.0310245794284,0,-1.3305711972306795,1,velocity,0.1692521213657684,1,0.999999792640501,1.0
TXN163443,U001479,2025-02-16 05:00:46,145.23,3,3,3,3.685644352460028,0.05,4422.773222952033,0,-0.6926414676326044,1,velocity,0.17107443190674854,1,0.9999997696743499,1.0
TXN166149,U005375,2025-02-18 04:00:04,164.16,2,2,2,4.573264284316279,0.0333333333333333,8231.875711769302,0,-0.0185127878478482,1,velocity,0.14675480327190749,1,0.9999997431786445,1.0
TXN190770,U005196,2025-03-07 19:00:19,150.73,4,4,4,1.8014021245051313,0.15,720.5608498020525,0,-1.3363435058085875,1,velocity,0.17081695443094536,1,0.9999997377654032,1.0
TXN122508,U005490,2025-01-17 11:01:59,427.35,3,8,8,2.4430927071540864,0.05,2931.7112485849034,0,-0.8008474872124959,1,velocity,0.21224301927947198,1,0.9999997356422591,1.0
TXN119978,U003318,2025-01-15 14:03:00,1218.75,1,2,2,523.8083779793227,3.0,10476.167559586453,1,1.6017968643447773,1,location_ip,0.2257146362067921,1,0.9999997354557675,1.0
TXN119805,U005719,2025-01-15 12:06:00,1499.54,1,1,2,2068.16216806746,6.0,20681.6216806746,1,1.9697961402715791,1,location_ip,0.24636592292090442,1,0.9999997289173712,1.0
TXN175982,U000020,2025-02-25 06:05:00,886.58,1,1,2,1471.0703852200184,5.0,17652.844622640223,1,2.0566818906675346,1,location_ip,0.2390748769305575,1,0.9999997098771443,1.0
TXN189884,U001890,2025-03-07 08:03:00,2110.63,1,2,2,518.1260829397874,3.0,10362.521658795746,1,1.5938248042353054,1,location_ip,0.2255400251888755,1,0.9999997085819535,1.0
TXN166107,U003227,2025-02-18 00:05:00,917.99,1,1,2,1357.7741901445263,5.0,16293.290281734317,1,2.640019907023349,1,location_ip,0.23982264893150673,1,0.999999695241696,1.0
TXN169664,U001796,2025-02-20 15:00:50,32.79,4,4,4,2.7467103218691187,0.1166666666666666,1412.5938798184038,0,-2.1887584434972496,1,velocity,0.18253738839396683,1,0.9999996809613517,1.0
TXN144124,U004566,2025-02-02 07:02:19,150.48,3,10,10,2.9707127200881827,0.15,1188.285088035273,0,-0.0103699584929219,1,velocity,0.2157705318947426,1,0.9999996214381063,1.0
TXN173133,U002519,2025-02-23 00:01:09,359.8,4,5,5,5.045732799622979,0.0,0.0,0,-0.7483160918812585,1,velocity,0.12958168711444773,1,0.999999575209514,1.0
TXN156491,U001304,2025-02-11 02:00:25,169.18,4,4,4,1.003380582052641,0.15,401.3522328210564,0,-1.4672621793966691,1,velocity,0.17013215505857704,1,0.9999995746737257,1.0
TXN140517,U001970,2025-01-30 14:06:00,735.97,1,1,2,2147.334402763061,6.0,21473.344027630603,1,1.2179161043403774,1,location_ip,0.24492666060754475,1,0.9999995240214791,1.0
TXN210187,U002670,2025-03-22 06:02:24,428.92,3,9,9,4.952174249830695,0.1333333333333333,2228.4784124238126,0,-0.87878366521822,1,velocity,0.2125668026467198,1,0.9999995015713774,1.0
TXN154957,U000097,2025-02-09 21:00:09,10.0,3,3,3,3.894428769260176,0.05,4673.314523112211,0,-1.556796126395087,1,velocity,0.17356226390675356,1,0.9999994940101526,1.0
TXN212939,U001800,2025-03-24 02:00:43,146.11,4,4,4,1.9133383177929013,0.2166666666666666,529.8475341580341,0,-1.7163470928484248,1,velocity,0.16994154556251873,1,0.9999994857448611,1.0
TXN177381,U002800,2025-02-26 01:01:15,247.41,4,4,4,5.190708436543059,0.7166666666666667,434.5709388733724,0,-1.6656774611308518,1,velocity,0.1676432039250283,1,0.9999994411377152,1.0
TXN101314,U000236,2025-01-01 21:01:26,336.46,4,4,4,3.114495589992144,0.4833333333333333,386.6270387576454,0,-1.7065601321777406,1,velocity,0.16562648998898355,1,0.9999993702162241,1.0
TXN108131,U003454,2025-01-06 22:00:34,198.39,3,3,3,2.6062764342002795,0.1166666666666666,1340.3707375887152,0,0.9957179514097996,1,velocity,0.16324649691765347,1,0.9999993356695424,1.0
TXN181021,U001346,2025-02-28 18:02:15,264.77,3,6,6,5.082656265928541,0.1166666666666666,2613.937508191821,0,-0.8730398785282857,1,velocity,0.19424941190200629,1,0.9999992647376651,1.0
TXN156490,U001304,2025-02-11 02:00:16,302.74,3,3,3,1.8949991852046024,0.0333333333333333,3410.998533368284,0,-0.8328019523906199,1,velocity,0.16572224907068678,1,0.9999991995474417,1.0
TXN175904,U002896,2025-02-25 00:00:05,329.87,2,2,2,4.379468770470543,0.0333333333333333,7883.043786846977,0,-0.6788259972238143,1,velocity,0.14583371978001736,1,0.9999991674561038,1.0
TXN217138,U003781,2025-03-27 08:05:00,1582.41,1,1,2,1237.044697463011,5.0,14844.536369556134,1,2.541917930655838,1,location_ip,0.23609741554338204,1,0.9999991579964354,1.0
TXN178138,U000607,2025-02-26 16:00:32,80.93,2,2,2,2.3721477629119008,0.0166666666666666,8539.731946482843,0,-1.2880106608327435,1,velocity,0.1510614785388874,1,0.9999991533111966,1.0
TXN211613,U001928,2025-03-23 06:00:02,16.64,2,2,2,5.168655535799394,0.0333333333333333,9303.57996443891,0,-2.067590105729614,1,velocity,0.16199987986797115,1,0.9999991042179119,1.0
TXN111746,U001203,2025-01-09 16:00:35,280.35,4,4,4,7.25445918265377,0.0,0.0,0,-0.937371595204885,1,velocity,0.10696307072352818,1,0.9999990886926544,1.0
TXN167445,U005193,2025-02-18 22:02:13,323.18,3,10,10,3.386816052317078,0.2,1016.0448156951232,0,-0.5613866015666847,1,velocity,0.21119445329011122,1,0.9999990433173955,1.0
TXN214532,U003048,2025-03-25 09:01:46,225.18,3,5,5,4.6684676665687,0.15,1867.38706662748,0,-0.3608272498130802,1,velocity,0.18309304886315103,1,0.9999988633823065,1.0
TXN159194,U001969,2025-02-13 01:00:13,428.2,3,3,3,8.085912200184291,0.15,3234.3648800737164,0,-1.0393289128348095,1,velocity,0.16934798991893973,1,0.9999988017975243,1.0
TXN113810,U003607,2025-01-11 00:00:31,351.83,3,3,3,2.2201396696060245,0.1,1332.0838017636147,0,0.5411299158668331,1,velocity,0.15629376151038898,1,0.9999986893903123,1.0
TXN223238,U003900,2025-03-31 13:02:00,10.0,1,2,2,430.8398539469202,2.0,12925.195618407606,1,-2.101929672138384,1,location_ip,0.22619427545044957,1,0.9999985232607188,1.0
TXN175227,U001047,2025-02-24 14:01:37,408.25,2,3,3,6.537357280434129,0.05,7844.828736520954,0,-1.4240184444318718,1,velocity,0.16026309713404352,1,0.9999985081075744,1.0
TXN167537,U002219,2025-02-19 00:02:11,582.22,3,11,11,3.298557513578812,0.45,439.8076684771749,0,-0.6173635168583962,1,velocity,0.21046173034491578,1,0.999998444995629,1.0
TXN174852,U002798,2025-02-24 09:00:52,169.46,3,3,3,5.570382386937417,0.15,2228.1529547749665,0,-0.367273207442787,1,velocity,0.1619764113041603,1,0.9999984445027503,1.0
TXN154956,U000097,2025-02-09 21:00:06,117.23,2,2,2,3.8446593763659065,0.05,4613.591251639087,0,1.3205243016894788,1,velocity,0.14930396406140145,1,0.9999983521571032,1.0
TXN167444,U005193,2025-02-18 22:02:01,334.1,3,9,9,2.7876950447911497,0.2666666666666666,627.2313850780087,0,-0.5269937768151834,1,velocity,0.2079876961315078,1,0.9999983417914792,1.0
TXN188374,U002562,2025-03-06 04:01:52,190.58,3,4,4,1.7718971478234953,0.0333333333333333,3189.414866082292,0,-1.6710778403752289,1,velocity,0.18649023215661875,1,0.9999982737810811,1.0
TXN132138,U005603,2025-01-24 11:04:00,1367.97,1,2,2,523.8083779793227,4.0,7857.125669689841,1,2.195485570657333,1,location_ip,0.21997321444638895,1,0.9999981714926535,1.0
TXN188280,U000688,2025-03-05 22:06:00,1638.13,1,1,2,1581.8661893278404,6.0,15818.661893278404,1,2.393374074341542,1,location_ip,0.2426467813497868,1,0.9999981086076206,1.0
TXN210155,U004861,2025-03-22 04:02:00,10.0,1,2,2,430.8398539469202,2.0,12925.195618407606,1,-2.3537375454962737,1,location_ip,0.22874633178663906,1,0.9999980612676967,1.0
TXN167629,U001170,2025-02-19 07:06:00,1256.48,1,1,2,1357.7741901445263,6.0,13577.741901445264,1,3.120355292038969,1,location_ip,0.24362678494804912,1,0.9999977054592248,1.0
TXN162035,U000729,2025-02-14 23:02:29,29.78,3,7,7,5.32182415964652,0.1833333333333333,1741.687906793407,0,-1.3137917657850406,1,velocity,0.19719362239674576,1,0.999997562957199,1.0
TXN177443,U001479,2025-02-26 06:00:25,153.21,3,3,3,5.76993002170676,0.1666666666666666,2077.174807814434,0,-0.667317686800356,1,velocity,0.16018622917848246,1,0.9999973039796161,1.0
TXN192037,U000462,2025-03-08 18:00:16,231.7,3,3,3,1.3972775653969045,0.05,1676.733078476285,0,-0.3529820333198376,1,velocity,0.15884478416293613,1,0.9999972927115865,1.0
TXN207339,U005898,2025-03-19 22:01:01,504.08,3,3,3,7.069117796699378,0.2833333333333333,1496.9896510657506,0,-0.2703590786187366,1,velocity,0.1580238644996158,1,0.9999969621357747,1.0
TXN219982,U000145,2025-03-29 08:00:58,137.43,3,3,3,2.178204331073318,0.05,2613.8451972879816,0,-1.3459542585445228,1,velocity,0.166923229228368,1,0.9999967408252651,1.0
TXN222747,U003981,2025-03-31 06:02:10,221.29,3,7,7,6.270605609594125,0.3833333333333333,981.4860954147326,0,-0.8852421457351742,1,velocity,0.19260832732098576,1,0.9999967304350197,1.0
TXN122502,U005490,2025-01-17 11:00:18,394.26,3,3,3,2.003958096518695,0.05,2404.749715822434,0,-1.192899955988308,1,velocity,0.1652892459228128,1,0.9999966046786269,1.0
TXN141856,U003730,2025-01-31 13:06:00,1064.17,1,1,2,1607.0991969543372,6.0,16070.991969543373,1,1.805517411256166,1,location_ip,0.24225297155364045,1,0.9999965179044573,1.0
TXN110210,U002309,2025-01-08 13:03:00,10.0,1,2,2,621.4628500760243,3.0,12429.257001520486,1,-1.668611965235242,1,location_ip,0.22674305736548683,1,0.9999964569897807,1.0
TXN211614,U001928,2025-03-23 06:00:43,112.26,3,3,3,5.255994262740412,0.6833333333333333,461.50193526501175,0,0.4932182241259659,1,velocity,0.1503486864547271,1,0.999996346573603,1.0
TXN104117,U000890,2025-01-03 22:02:15,178.95,3,6,6,2.694163989545099,0.3166666666666666,510.4731769664398,0,-0.4039326799088899,1,velocity,0.18570689059411039,1,0.9999963129663656,1.0
TXN204504,U003271,2025-03-17 21:00:48,1118.64,3,3,3,5.25440167826445,0.2333333333333333,1351.1318601251442,0,-0.3031803380015301,1,velocity,0.1555704224472486,1,0.9999962370185626,1.0
TXN123509,U001718,2025-01-18 05:06:00,362.38,1,1,2,1575.3760535945123,6.0,15753.760535945125,1,1.8609166669244184,1,location_ip,0.24082737336186044,1,0.999996109555447,1.0
TXN131090,U003982,2025-01-23 16:00:27,513.06,2,2,2,3.664988683151999,0.0333333333333333,6596.979629673599,0,-0.9291550078792687,1,velocity,0.14579773980541622,1,0.9999959817384657,1.0
TXN138679,U005418,2025-01-29 08:00:28,139.16,3,3,3,4.112433923515283,0.2,1233.7301770545848,0,-0.2234021615394601,1,velocity,0.15129366019530344,1,0.9999959303889531,1.0
TXN129790,U000610,2025-01-22 17:00:03,224.46,2,2,2,3.632237228258175,0.05,4358.68467390981,0,0.7722335683179505,1,velocity,0.14459655078504507,1,0.9999955022560698,1.0
TXN211556,U000016,2025-03-23 02:01:35,128.17,3,7,7,8.159056765235556,0.8,611.9292573926667,0,-0.8603691304935569,1,velocity,0.19376894207257,1,0.9999954788863679,1.0
TXN141754,U002761,2025-01-31 12:01:33,96.27,2,6,6,5.052802851753192,0.0666666666666666,4547.522566577873,0,-0.5123784382269855,1,velocity,0.1921449654243651,1,0.9999954227099934,1.0
TXN188131,U004897,2025-03-05 20:05:00,10.0,1,1,2,1654.839116799172,5.0,19858.069401590063,1,-1.2987596106918955,1,location_ip,0.24031961252940093,1,0.9999948837530671,1.0
TXN195464,U004075,2025-03-11 10:01:08,171.02,3,3,3,3.992659816533155,0.2,1197.7979449599463,0,-0.3800025491669681,1,velocity,0.15053757188581796,1,0.9999948216859699,1.0
TXN141748,U002761,2025-01-31 12:00:10,128.08,3,3,3,1.9783361442344265,0.1333333333333333,890.2512649054918,0,-0.2331435216279423,1,velocity,0.15064384843808787,1,0.999994224236988,1.0
TXN207340,U005898,2025-03-19 22:01:27,442.89,3,4,4,3.9306354679737248,0.4333333333333333,544.2418340271311,0,-0.2751629973555171,1,velocity,0.16378785412191788,1,0.9999940276594834,1.0
TXN112670,U002709,2025-01-10 09:06:00,1648.33,1,1,2,1471.0703852200184,6.0,14710.703852200182,1,1.8946293343003917,1,location_ip,0.23783235118650126,1,0.9999934423622117,1.0
TXN159193,U001969,2025-02-13 01:00:04,437.38,2,2,2,3.4727914555028816,0.0333333333333333,6251.024619905187,0,-1.075883968303348,1,velocity,0.14708920083429355,1,0.9999933653906814,1.0
TXN129798,U000610,2025-01-22 17:01:19,120.53,3,7,7,1.3013191830552249,0.6,130.13191830552248,0,-0.7383729025975854,1,velocity,0.18568252137180774,1,0.9999931412102004,1.0
TXN186202,U003997,2025-03-04 14:06:00,1223.31,1,1,2,1587.9648017558195,6.0,15879.648017558196,1,1.3547037495886498,1,location_ip,0.23689006783334765,1,0.9999927140135569,1.0
TXN127630,U001845,2025-01-21 03:01:57,112.07,3,9,9,6.6448524094562,0.55,724.8929901224946,0,-1.8752828886675457,1,velocity,0.21479164775816273,1,0.9999926565861429,1.0
TXN181591,U004447,2025-03-01 07:06:00,156.1,1,1,2,1266.530603284475,6.0,12665.306032844752,1,2.668046515550077,1,location_ip,0.23200107871414843,1,0.9999924125869826,1.0
TXN169181,U001889,2025-02-20 09:00:20,173.16,3,3,3,1.006405495252432,0.05,1207.6865943029184,0,-0.8133872804399817,1,velocity,0.15535045566044559,1,0.9999919796333023,1.0
TXN214285,U000649,2025-03-25 01:00:22,494.84,3,3,3,2.164396251158889,0.2166666666666666,599.3712695516922,0,-0.2653644942725583,1,velocity,0.14891129745113008,1,0.9999917660867345,1.0
TXN100966,U000156,2025-01-01 18:01:10,633.22,3,3,3,5.421122518335215,0.45,722.8163357780286,0,-0.3799709554773787,1,velocity,0.15096789056013205,1,0.9999917315688498,1.0
TXN156514,U004454,2025-02-11 03:01:51,305.49,3,5,5,1.552793358227137,0.0833333333333333,1118.0112179235389,0,-1.5158470509005726,1,velocity,0.18782705088425833,1,0.9999908933705748,1.0
TXN147638,U001641,2025-02-04 17:00:50,142.39,3,3,3,1.686079267618257,0.1833333333333333,551.8077603114297,0,-0.3305301856524986,1,velocity,0.1504718652465441,1,0.9999908929634546,1.0
TXN173134,U002519,2025-02-23 00:01:33,290.59,3,6,6,4.894224720786472,0.4,734.1337081179707,0,-1.2789021513417136,1,velocity,0.1827056053599645,1,0.9999907205807406,1.0
TXN164175,U004358,2025-02-16 15:07:00,911.38,1,1,2,1714.3030726993288,7.0,14694.026337422818,1,2.41879682909605,1,location_ip,0.2442544569449019,1,0.999989658507064,1.0
TXN178139,U000607,2025-02-26 16:00:49,108.58,3,3,3,4.3212970879343,0.2833333333333333,915.0982068566752,0,-0.7786982160932213,1,velocity,0.14801447977171944,1,0.9999883103641045,1.0
TXN153178,U005752,2025-02-08 17:06:00,720.2,1,1,2,1357.7741901445263,6.0,13577.741901445264,1,1.851421837987502,1,location_ip,0.2369460329963724,1,0.9999877008787205,1.0
TXN221261,U005190,2025-03-30 04:06:00,677.31,1,1,2,1266.530603284475,6.0,12665.306032844752,1,2.158921516164398,1,location_ip,0.23020614959273555,1,0.9999853240200159,1.0
TXN173206,U003463,2025-02-23 06:00:40,263.15,3,3,3,6.119499651045239,0.5,734.3399581254288,0,-0.8575912529650728,1,velocity,0.15075469960144505,1,0.9999851160335987,1.0
TXN194926,U001680,2025-03-10 20:01:08,339.77,3,3,3,2.5847610625878064,0.2,775.4283187763418,0,-0.9107108504232768,1,velocity,0.1482642881487155,1,0.9999843954257386,1.0
TXN163452,U001479,2025-02-16 05:02:18,181.16,2,10,10,4.610871548866132,0.1333333333333333,2074.892196989759,0,-0.3000962230097488,1,velocity,0.20657289774754328,1,0.9999833104364143,1.0
TXN174648,U003099,2025-02-24 02:01:12,99.46,3,4,5,2.618484117090309,0.0666666666666666,2356.635705381278,0,-0.3146175547984011,1,velocity,0.18644294511542525,1,0.9999831354445763,1.0
TXN126907,U005374,2025-01-20 15:01:34,732.92,3,4,4,1.752918859273415,0.2333333333333333,450.7505638131639,0,-1.0689570169287983,1,velocity,0.16389908968050715,1,0.9999826883295557,1.0
TXN132560,U001361,2025-01-24 17:01:26,113.61,3,3,3,3.620457705350003,0.2666666666666666,814.6029837037506,0,-1.1555352621135373,1,velocity,0.14715780146685664,1,0.9999791964880589,1.0
TXN208786,U003185,2025-03-21 02:07:00,2570.84,1,1,2,1204.6630820473297,7.0,10325.68356040568,1,3.406936790408865,1,location_ip,0.23417700924838158,1,0.9999783027191583,1.0
TXN207748,U001757,2025-03-20 10:00:31,149.55,3,3,3,1.2893539458389829,0.1666666666666666,464.1674205020339,0,-0.9688871946047204,1,velocity,0.148431380541299,1,0.9999774149606055,1.0
TXN150547,U001911,2025-02-06 18:07:00,548.65,1,1,2,1613.289325429026,7.0,13828.19421796308,1,2.008227825442348,1,location_ip,0.24260977317465726,1,0.9999747287695281,1.0
TXN149980,U000328,2025-02-06 11:00:25,170.27,2,2,2,2.0045176182972195,0.4166666666666667,288.6505370347996,0,2.681211147817296,1,velocity,0.13481641407481282,1,0.9999731606183826,1.0
TXN159255,U002202,2025-02-13 05:06:00,593.91,1,1,2,1317.7536030396725,6.0,13177.536030396725,1,1.4192554921032074,1,location_ip,0.22894777165507108,1,0.9999709319930602,1.0
TXN144516,U004851,2025-02-02 12:05:00,478.26,1,1,2,777.4082807469658,5.0,9328.89936896359,1,2.461533034864668,1,location_ip,0.2188831233930817,1,0.9999705937242835,1.0
TXN222740,U003981,2025-03-31 06:00:38,211.85,3,3,3,6.387449653508224,0.6,638.7449653508223,0,-1.3389111812588157,1,velocity,0.150760178393344,1,0.9999702551751697,1.0
TXN112425,U005235,2025-01-10 01:04:00,694.67,1,2,2,290.1720249530612,4.0,4352.580374295919,1,1.9603058247095289,1,location_ip,0.20593302776380196,1,0.9999693053640654,1.0
TXN169663,U001796,2025-02-20 15:00:43,98.98,3,3,3,1.9258947720540516,0.1666666666666666,693.3221179394586,0,-1.5378690698874673,1,velocity,0.15182479609421184,1,0.9999652878379891,1.0
TXN130014,U005709,2025-01-22 19:00:41,178.95,3,3,3,2.255614004175194,0.2,676.6842012525582,0,-1.5358581170558592,1,velocity,0.15092567090515208,1,0.9999642433905753,1.0
TXN142696,U000244,2025-02-01 06:01:20,10.0,3,4,4,4.372718849680904,0.6666666666666666,393.54469647128144,0,-1.6258937358375534,1,velocity,0.16481070532427666,1,0.9999635112737845,1.0
TXN166686,U002312,2025-02-18 12:52:38,1589.7,2,2,2,6.711504010433991,0.35,1150.543544645827,0,1.5940384958372316,0,none,0.13749056091040945,1,0.9999565981537069,1.0
TXN182757,U001215,2025-03-01 22:00:52,398.08,3,3,3,5.858579728436601,0.8166666666666667,430.426265762689,0,-1.4673353371663682,1,velocity,0.1478705529015084,1,0.9999553008125365,1.0
TXN163444,U001479,2025-02-16 05:00:46,204.23,3,3,3,3.899812942158756,0.0,0.0,0,-0.176973233493606,1,velocity,0.07076198659711719,1,0.9999541043072239,1.0
TXN222739,U003981,2025-03-31 06:00:02,264.55,2,2,2,2.2725666457779417,0.0333333333333333,4090.619962400295,0,-0.862700732241453,1,velocity,0.1382016220869131,1,0.999951120416386,1.0
TXN185669,U004603,2025-03-04 07:07:00,623.9,1,1,2,2147.334402763061,7.0,18405.72345225481,1,-0.0617178809293378,1,location_ip,0.24145242222760188,1,0.9999495725149261,1.0
TXN130402,U001875,2025-01-23 02:00:29,125.04,3,3,3,0.8938733643772254,0.2166666666666666,247.534162442924,0,-1.4186901713497704,1,velocity,0.1454907010945048,1,0.9999489482947393,1.0
TXN147365,U004914,2025-02-04 12:47:50,630.03,2,2,2,9.037319439876086,0.3,1807.4638879752167,0,0.8671216188570487,0,none,0.13471957515302768,1,0.9999408467706901,1.0
TXN164170,U003825,2025-02-16 15:02:23,571.09,2,9,9,4.1001607361805466,0.4333333333333333,567.7145634711526,0,-0.0251373280601418,1,velocity,0.1975335316801453,1,0.999929195123743,1.0
TXN122507,U005490,2025-01-17 11:01:56,489.16,2,7,7,7.492201892388774,0.3,1498.4403784777548,0,-0.3819927734455615,1,velocity,0.18743981799671716,1,0.9999273383134812,1.0
TXN160969,U000498,2025-02-14 10:00:25,133.8,3,3,3,3.4174468160165734,0.3333333333333333,615.1404268829833,0,-2.2205458428335887,1,velocity,0.15783924420540252,1,0.9999198799384107,1.0
TXN150435,U004612,2025-02-06 17:00:50,121.22,3,3,3,3.425158451454983,0.65,316.1684724419984,0,-1.9144542300863507,1,velocity,0.1489437849725328,1,0.9999153743154271,1.0
TXN121158,U004919,2025-01-16 12:04:00,557.86,1,2,2,237.5325023947467,4.0,3562.987535921201,1,1.545687784959415,1,location_ip,0.20152157018746186,1,0.9999074537220864,1.0
TXN108697,U004784,2025-01-07 12:00:20,1204.64,2,2,2,7.584129790267648,0.3333333333333333,1365.1433622481768,0,0.8307302589461139,0,none,0.1333425873284233,1,0.9999029343654067,1.0
TXN200726,U004980,2025-03-15 05:00:24,321.44,2,2,2,5.440403364295486,0.1,3264.242018577292,0,-0.6901874521590767,1,velocity,0.13325162105883226,1,0.9999022392554388,1.0
TXN129012,U000636,2025-01-22 03:07:00,2784.18,1,1,2,1237.044697463011,7.0,10603.240263968666,1,2.108963366849933,1,location_ip,0.22757594588983343,1,0.9998926619411741,1.0
TXN130401,U001875,2025-01-23 02:00:16,191.7,2,2,2,2.4802736801127474,0.05,2976.3284161352967,0,-0.5144367650157918,1,velocity,0.13044312111280143,1,0.9998924726395818,1.0
TXN141747,U000153,2025-01-31 12:00:08,1031.5,2,2,2,4.990184218952765,0.1,2994.110531371659,0,-0.6391843898593307,1,velocity,0.12893820603634698,1,0.9998721450805216,1.0
TXN145493,U000723,2025-02-03 05:04:00,1581.17,1,2,2,430.8398539469202,4.0,6462.597809203803,1,-0.3827758962348416,1,location_ip,0.20907793680312647,1,0.999866895081766,1.0
TXN167536,U002219,2025-02-19 00:01:44,463.15,2,10,10,2.241686225098029,0.1333333333333333,1008.7588012941133,0,-1.2110428082578968,1,velocity,0.20315914019384707,1,0.9998460536393663,1.0
TXN165487,U002808,2025-02-17 16:05:00,1694.02,1,1,2,523.8083779793227,5.0,6285.700535751873,1,2.5905260467745364,1,location_ip,0.21204098213443312,1,0.9998384607042203,1.0
TXN104115,U000890,2025-01-03 22:01:33,247.85,2,4,4,5.181781625350638,0.4333333333333333,717.4774558177805,0,0.3708886041807382,1,velocity,0.15315609321954549,1,0.9998300260915118,1.0
TXN155150,U001964,2025-02-10 04:07:00,2412.55,1,1,2,1357.7741901445263,7.0,11638.064486953082,1,1.361435256241602,1,location_ip,0.2278963239688635,1,0.9998241317840524,1.0
TXN170891,U000831,2025-02-21 13:06:00,558.77,1,1,2,518.1260829397874,6.0,5181.260829397873,1,3.2912249567137253,1,location_ip,0.2134734838302541,1,0.999808864137211,1.0
TXN162028,U000729,2025-02-14 23:00:37,93.87,2,2,2,5.134469440161274,0.2333333333333333,1320.292141755756,0,0.4548557424252569,1,velocity,0.12156495403215506,1,0.999807727149869,1.0
TXN213500,U001058,2025-03-24 13:07:00,349.95,1,1,2,953.8706763236077,7.0,8176.034368488064,1,2.475054335201728,1,location_ip,0.21957579580469133,1,0.9997889045483493,1.0
TXN123996,U004247,2025-01-18 13:06:00,140.71,1,1,2,1618.8555906737165,6.0,16188.55590673716,1,-1.5132515623292098,1,location_ip,0.23904738925341829,1,0.9997881096043987,1.0
TXN112651,U002765,2025-01-10 08:56:09,2080.58,2,2,2,15.427156625069712,0.8333333333333334,1110.7552770050193,0,0.394562153896355,0,none,0.13575220756711648,1,0.9997857146046264,1.0
TXN198162,U001053,2025-03-13 09:07:00,3887.92,1,1,2,886.9844385595195,7.0,7602.723759081596,1,2.624843947522389,1,location_ip,0.2183640290013632,1,0.9997734715031936,1.0
TXN206606,U001151,2025-03-19 13:02:27,332.25,2,8,8,4.438931617712584,0.3166666666666666,841.0607275665949,0,-0.8843482063977769,1,velocity,0.18304925015284523,1,0.9997677049564401,1.0
TXN219829,U005928,2025-03-29 01:05:00,688.54,1,1,2,430.8398539469202,5.0,5170.0782473630425,1,2.85170937343348,1,location_ip,0.20799344287784882,1,0.9997629833403018,1.0
TXN141755,U000153,2025-01-31 12:01:36,1053.97,2,5,5,2.3557658550142317,0.1333333333333333,1060.094634756404,0,-0.5203204632290104,1,velocity,0.16825918901995796,1,0.9997577544406863,1.0
TXN134563,U001573,2025-01-26 07:00:08,577.49,2,2,2,3.013103259012192,0.1,1807.8619554073148,0,-0.179097715773717,1,velocity,0.12040255701597258,1,0.9997368038073312,1.0
TXN108948,U000153,2025-01-07 15:02:07,1055.66,2,5,5,4.525965653993818,0.35,775.8798263989403,0,-0.3899563136246105,1,velocity,0.16457169186113085,1,0.9997080082295451,1.0
TXN104887,U004765,2025-01-04 15:02:28,695.13,2,8,8,3.0346474348143886,0.5333333333333333,341.3978364166187,0,-0.715676422623576,1,velocity,0.18258602424091508,1,0.9996916542837758,1.0
TXN174629,U000297,2025-02-24 01:07:00,372.1,1,1,2,514.9705059305163,7.0,4414.032907975854,1,3.5095221588770573,1,location_ip,0.2126146182859856,1,0.9996902427161307,1.0
TXN143569,U004506,2025-02-01 18:03:03,128.32,2,2,2,2.7806884548431934,0.0666666666666666,2502.619609358874,0,-1.016244632661988,0,none,0.13124380438097527,1,0.9996841200632027,1.0
TXN160865,U004410,2025-02-14 09:00:14,444.64,2,2,2,6.841405108195111,0.1833333333333333,2239.005308136582,0,-0.8230400540722728,1,velocity,0.12964896071514254,1,0.9996629374767522,1.0
TXN100609,U003156,2025-01-01 13:05:00,1021.66,1,1,2,499.9932408970138,5.0,5999.918890764166,1,2.115298310883323,1,location_ip,0.20858235356784616,1,0.9996373984664265,1.0
TXN128243,U002963,2025-01-21 14:00:12,245.07,2,2,2,4.333978998232546,0.1833333333333333,1418.3931266942875,0,-0.1199580498686413,1,velocity,0.12008186765992723,1,0.9996369591670898,1.0
TXN198610,U002260,2025-03-13 15:07:00,1063.98,1,1,2,953.8706763236077,7.0,8176.034368488064,1,2.033501093185385,1,location_ip,0.21850114092610318,1,0.9996288012078787,1.0
TXN185557,U001799,2025-03-04 00:02:12,278.79,2,6,6,6.065595635977036,0.8666666666666667,419.9258517214871,0,-0.587217892263135,1,velocity,0.17184509339549658,1,0.9995954620448065,1.0
TXN186611,U005987,2025-03-04 19:02:15,288.15,2,6,6,1.3142060334246248,0.15,525.6824133698499,0,-0.7556992440940977,1,velocity,0.17674684251442996,1,0.999593654083356,1.0
TXN126900,U000716,2025-01-20 15:00:33,366.37,2,2,2,5.414216596692107,0.55,590.6418105482298,0,0.4486883468697379,1,velocity,0.11863870763701978,1,0.9995833184831362,1.0
TXN189968,U001118,2025-03-07 09:05:00,541.35,1,1,2,439.97982267462703,5.0,5279.757872095524,1,2.389879705877485,1,location_ip,0.20402085869987485,1,0.9995801197810897,1.0
TXN173578,U001032,2025-02-23 11:01:41,247.65,2,5,5,9.112662053101726,0.3333333333333333,1640.279169558311,0,-1.509333890201579,1,velocity,0.1769008011047527,1,0.9995791417689398,1.0
TXN204657,U000107,2025-03-18 01:07:00,594.09,1,1,2,1204.6630820473297,7.0,10325.68356040568,1,1.1271786463463451,1,location_ip,0.22248645227191743,1,0.9995593059486021,1.0
TXN147295,U003054,2025-02-04 12:06:00,131.05,1,1,2,1179.482427918798,6.0,11794.82427918798,1,-0.3499874307248731,1,location_ip,0.22387758162655547,1,0.9994397018863215,1.0
TXN214920,U001307,2025-03-25 14:00:10,260.79,2,2,2,3.4227222007403366,0.1666666666666666,1232.1799922665214,0,-0.2735531811079681,1,velocity,0.11574159536067208,1,0.9994377110262265,1.0
TXN196589,U002179,2025-03-12 02:00:22,33.67,2,2,2,1.5809153614033162,0.1,948.5492168419896,0,-0.2492926457689282,1,velocity,0.11906203852095643,1,0.9993214887614846,1.0
TXN207910,U005592,2025-03-20 12:00:08,179.59,2,2,2,5.161671450640447,0.1166666666666666,2654.573888900801,0,-1.9848838240229163,1,velocity,0.14166920511134162,1,0.999223796391555,1.0
TXN122500,U005490,2025-01-17 11:00:15,514.2,2,2,2,1.5552387189631782,0.0666666666666666,1399.7148470668603,0,-0.8779780656115014,1,velocity,0.12506687228121516,1,0.9991368127405683,1.0
TXN183276,U004968,2025-03-02 12:00:14,40.33,2,2,2,7.048712045421484,0.2166666666666666,1951.9510279628723,0,-1.3970445782969072,1,velocity,0.13120496320625796,1,0.9991102553878498,1.0
TXN199849,U000093,2025-03-14 13:07:00,1271.5,1,1,2,505.7541214780405,7.0,4335.035326954633,1,2.729133470579761,1,location_ip,0.20742328914216845,1,0.9990863088559021,1.0
TXN217482,U003551,2025-03-27 12:00:13,329.57,2,2,2,5.641056485535415,0.2166666666666666,1562.1387190713456,0,-1.1089973147946082,1,velocity,0.12310413059011871,1,0.9989693770535564,1.0
TXN203784,U003288,2025-03-17 12:07:00,623.36,1,1,2,1371.808916123536,7.0,11758.362138201735,1,-0.1567074291733825,1,location_ip,0.22969032148446833,1,0.9989316368577663,1.0
TXN104878,U004765,2025-01-04 15:00:23,723.95,2,2,2,0.9037728575631626,0.3333333333333333,162.6791143613693,0,0.2006095744437064,1,velocity,0.10017817002504659,1,0.9988710656517366,1.0
TXN207338,U005898,2025-03-19 22:00:44,552.94,2,2,2,4.048161486686153,0.4333333333333333,560.5146673873135,0,-0.2639802300268138,1,velocity,0.11224214389236986,1,0.9988595893204903,1.0
TXN153041,U001528,2025-02-08 15:00:37,161.01,2,2,2,5.7152749382857815,0.5666666666666667,605.1467581714356,0,-0.4155507574597235,1,velocity,0.1163126444232585,1,0.998754572704003,1.0
TXN101155,U004516,2025-01-01 19:31:13,347.08,2,2,2,2.023138240599878,0.5666666666666667,214.2146372399871,0,-0.0859936836497852,0,none,0.10161216716984356,1,0.9984953339544272,1.0
TXN192563,U002654,2025-03-09 05:06:00,1378.03,1,1,2,945.1078393783572,6.0,9451.078393783571,1,-0.1297249050287395,1,location_ip,0.21634659463819195,1,0.998468457874019,1.0
TXN103222,U004395,2025-01-03 11:01:43,337.7,1,2,2,10.958594897703616,2.7,243.52433106008036,0,3.0484801094712157,0,none,0.11778816760551136,1,0.9984650609295008,1.0
TXN139141,U004043,2025-01-29 14:07:00,1096.52,1,1,2,735.226942584916,7.0,6301.945222156423,1,1.5788260473554805,1,location_ip,0.21160804955925738,1,0.9984224220266075,1.0
TXN207420,U001479,2025-03-19 23:33:00,8156.01,1,1,1,8.473379234520667,161.66666666666666,3.144759303533444,0,5.458182797437589,1,amount_spike,-0.058915853621620995,0,0.9981577001944673,1.0
TXN118872,U005818,2025-01-14 18:07:00,1051.53,1,1,2,540.4679579970888,7.0,4632.582497117904,1,2.043067771631929,1,location_ip,0.2067062459245239,1,0.9980886277409243,1.0
TXN125923,U003851,2025-01-19 20:01:29,196.02,2,3,3,1.115978127379006,0.8166666666666667,81.99022976662084,0,-0.5494673469866386,1,velocity,0.10972318100815182,1,0.9977325677481172,1.0
TXN109551,U005385,2025-01-07 22:01:46,554.03,2,4,4,1.026293321234697,0.95,64.81852555166508,0,-0.951871995803908,1,velocity,0.13173991582831523,1,0.9977164659381668,1.0
TXN191297,U003809,2025-03-08 08:31:00,15186.5,1,1,1,9.036048123273666,91.03333333333332,5.955652369788576,0,4.989703160814061,1,amount_spike,-0.03709509069397887,0,0.9976701916520483,1.0
TXN212940,U001800,2025-03-24 02:01:40,135.58,2,5,5,3.6202285861104735,0.95,228.6460159648721,0,-1.6306455690483972,1,velocity,0.15950602911323752,1,0.9974910998598677,1.0
TXN174273,U000097,2025-02-23 19:03:00,10.0,1,2,2,179.47071591834367,3.0,3589.414318366873,1,-1.4251421639878314,1,location_ip,0.1935706982054125,1,0.9969450735770328,1.0
TXN184140,U002945,2025-03-02 23:01:34,501.43,1,6,5,5.235188474177127,1.0333333333333334,303.9786855973815,0,-0.938524110379938,1,velocity,0.14197144036760356,1,0.9969396042564391,1.0
TXN222741,U003981,2025-03-31 06:01:06,109.53,2,4,4,5.431784312053235,0.4666666666666667,698.3722686925588,0,-2.1214043116832446,1,velocity,0.15902148920588266,1,0.9965314620778322,1.0
TXN221741,U002653,2025-03-30 12:16:00,9426.55,1,1,1,8.488529081637363,14220.366666666669,0.0358156548868811,0,5.472898155518452,1,amount_spike,-0.06768582167227644,0,0.9964800656128121,1.0
TXN190134,U001313,2025-03-07 11:00:58,92.83,2,2,2,10.494153416629311,0.55,1144.8167363595612,0,-1.8879354265941743,1,velocity,0.13339016310545815,1,0.9964505496912569,1.0
TXN175279,U003083,2025-02-24 15:01:06,276.37,2,3,3,1.0532062751476976,0.3166666666666666,199.55487318587956,0,-1.208500274704205,1,velocity,0.12472632376923332,1,0.9963936698429559,1.0
TXN156489,U001304,2025-02-11 02:00:14,254.45,2,2,2,0.4378203834137895,0.0666666666666666,394.0383450724106,0,-1.2168770189781777,1,velocity,0.1197558133844655,1,0.9961857171418809,1.0
TXN214337,U003109,2025-03-25 05:24:00,14519.89,1,1,1,6.795006957624267,2267.2166666666667,0.1798241974186216,0,5.443542285885398,1,amount_spike,-0.1038342098013934,0,0.995916842758094,1.0
TXN116829,U004980,2025-01-13 09:00:32,236.42,2,2,2,3.703412556796228,0.4,555.5118835194342,0,-1.349542267973214,1,velocity,0.11640159888906265,1,0.995892844390735,1.0
TXN122253,U002733,2025-01-17 08:08:55,201.63,2,2,2,4.963199051062643,0.65,458.1414508673209,0,-1.240810321127671,0,none,0.11389571811966437,1,0.9958657230350175,1.0
TXN162033,U000729,2025-02-14 23:02:04,10.1,2,5,5,3.684336619130106,0.8166666666666667,270.68595569119145,0,-2.2125964053375835,1,velocity,0.16980509289471013,1,0.9957923332677666,1.0
TXN214961,U004531,2025-03-25 14:29:00,8367.41,1,1,1,7.147011511562742,521.1,0.8229143939623191,0,5.091287344273305,1,amount_spike,-0.08935943122699164,0,0.9952826834767489,1.0
TXN190066,U005522,2025-03-07 10:01:01,130.14,2,2,2,6.520223803247623,0.9,434.6815868831748,0,-1.3246566292463964,1,velocity,0.11398692206701799,1,0.9952789974208059,1.0
TXN206807,U000191,2025-03-19 16:07:00,14428.55,1,1,1,5.454541259534961,4047.516666666667,0.0808575980099973,0,5.340953622711316,1,amount_spike,-0.1015249418809972,0,0.9952539116769384,1.0
TXN185553,U001799,2025-03-04 00:00:28,195.1,2,2,2,2.2270935575242574,0.3333333333333333,400.8768403543664,0,-1.3123189459101752,1,velocity,0.11327846608806524,1,0.9952407795142274,1.0
TXN156342,U004226,2025-02-10 21:00:41,912.87,2,2,2,0.7912636918551311,0.5666666666666667,83.78086149054329,0,-0.9375711589255338,1,velocity,0.09896522012722186,1,0.9949200346693069,1.0
TXN138057,U000125,2025-01-28 18:06:00,678.13,1,1,2,237.5325023947467,6.0,2375.325023947467,1,2.057761832166568,1,location_ip,0.18607680945932636,1,0.9945745910371993,1.0
TXN196236,U003558,2025-03-11 19:15:00,9669.55,1,1,1,22.242783601593302,4320.233333333334,0.3089108650217036,0,4.682895700784804,1,amount_spike,-0.05246914514370249,0,0.9945614541465203,1.0
TXN216997,U003411,2025-03-27 03:00:45,69.15,2,2,2,2.9047667279163543,0.5166666666666667,337.3277490483508,0,-1.4163997968879805,1,velocity,0.11237690962104674,1,0.994139929105843,1.0
TXN219758,U000639,2025-03-28 22:34:00,16350.25,1,1,1,4.769078998035106,8854.766666666666,0.0323153337240702,0,5.073343248405324,1,amount_spike,-0.08439974855501736,0,0.993978654619098,1.0
TXN218456,U002345,2025-03-28 01:51:00,14394.26,1,1,1,6.868700715119483,3264.6833333333334,0.1262364526137304,0,5.093166919329282,1,amount_spike,-0.10459763199146971,0,0.9933893414063859,1.0
TXN203756,U005522,2025-03-17 11:44:00,7613.68,1,1,1,13.949435849471431,5890.416666666667,0.1420894646900959,0,4.9911516902283415,1,amount_spike,-0.09422697483710568,0,0.9927254184166677,1.0
TXN210389,U003695,2025-03-22 09:25:00,25708.9,1,1,1,4.722799964037814,3551.9,0.0797792724576336,0,4.974274373230367,1,amount_spike,-0.10240810173898113,0,0.992601895579887,1.0
TXN193211,U004364,2025-03-09 16:10:00,16969.06,1,1,1,10.55332257495116,101.26666666666668,6.25279151906257,0,4.121322252829881,1,amount_spike,-0.04234872075816243,0,0.9925524250644627,1.0
TXN216666,U002712,2025-03-26 19:13:00,8094.13,1,1,1,2.3383318139244254,4878.25,0.0287602949491037,0,4.892842315248991,1,amount_spike,-0.0946717496076312,0,0.9924732096561224,1.0
TXN195028,U000307,2025-03-10 21:16:00,8732.97,1,1,1,1.0632468364134002,7524.766666666666,0.0084779785222315,0,4.688713672727316,1,amount_spike,-0.07368751435407356,0,0.9923524426939124,1.0
TXN205950,U002838,2025-03-18 22:35:00,15069.22,1,1,1,12.044881650214537,4767.216666666666,0.1515964030051509,0,4.991363301743956,1,amount_spike,-0.10384074759091605,0,0.9919700593776084,1.0
TXN189169,U000557,2025-03-06 16:41:00,15296.29,1,1,1,15.345173730672007,402.01666666666665,2.290229485942508,0,4.357371725252965,1,amount_spike,-0.06483832633913089,0,0.9917796152513165,1.0
TXN218868,U000057,2025-03-28 11:37:00,17060.55,1,1,1,14.54677087620598,2992.083333333333,0.2917051951223591,0,4.789720540176473,1,amount_spike,-0.09555474043439216,0,0.991431571448396,1.0
TXN205456,U004892,2025-03-18 16:42:00,12335.99,1,1,1,4.023686863496636,10522.366666666669,0.0229436228044196,0,4.779188067049234,1,amount_spike,-0.08247023117252095,0,0.991102960447766,1.0
TXN152984,U001680,2025-02-08 14:06:00,1245.3,1,1,2,237.5325023947467,6.0,2375.325023947467,1,1.6688171148001152,1,location_ip,0.1839220683675219,1,0.9909410513369182,1.0
TXN128175,U005106,2025-01-21 13:06:00,392.23,1,1,2,120.15230196919704,6.0,1201.5230196919704,1,2.2018791721794893,1,location_ip,0.17707475409906503,1,0.9906852798293843,1.0
TXN189740,U002628,2025-03-07 00:17:00,30469.08,1,1,1,4.267741338205516,590.9,0.4333465565955847,0,4.562922967434505,1,amount_spike,-0.0928242425981145,0,0.9905572970121634,1.0
TXN210138,U000675,2025-03-22 01:44:00,18228.49,1,1,1,2.602037266824019,6647.866666666667,0.0234845618658779,0,4.685611853401039,1,amount_spike,-0.09281215938528226,0,0.98991322115929,1.0
TXN210149,U004482,2025-03-22 03:43:00,19163.18,1,1,1,3.861975043680676,2555.4333333333334,0.0906767942635328,0,4.671592020701501,1,amount_spike,-0.10118659803438751,0,0.9898933805574583,1.0
TXN202277,U003500,2025-03-16 08:46:00,13857.9,1,1,1,0.4899302405024668,2315.75,0.0126938635129647,0,4.352546682974124,1,amount_spike,-0.07808146049990733,0,0.9898234063947376,1.0
TXN191160,U001068,2025-03-08 06:01:31,162.1,2,2,2,5.7153462036274885,0.8333333333333334,411.5049266611791,0,-2.0889879156151414,1,velocity,0.12241111821311867,1,0.9891914749893267,1.0
TXN217008,U001609,2025-03-27 03:32:00,11243.91,1,1,1,9.39598529101302,11620.533333333333,0.0485140484769013,0,4.660473176096039,1,amount_spike,-0.08228290230580054,0,0.9890284920941562,1.0
TXN180724,U000485,2025-02-28 14:11:00,12596.1,1,1,1,10.277363484677442,11077.366666666669,0.0556668229585834,0,4.680899955421453,1,amount_spike,-0.08526124372318628,0,0.9889689303159578,1.0
TXN201427,U004282,2025-03-15 15:32:00,10048.76,1,1,1,9.61600681678424,5517.716666666666,0.1045650662877557,0,4.792745459687457,1,amount_spike,-0.1081517449440193,0,0.9888610212715904,1.0
TXN223573,U003673,2025-03-31 18:03:00,25256.06,1,1,1,6.153657582238334,5726.933333333333,0.064470709443268,0,4.783046155917021,1,amount_spike,-0.10815863366990902,0,0.988827175153256,1.0
TXN185642,U004192,2025-03-04 06:36:00,16997.81,1,1,1,3.527588029604431,3658.733333333333,0.0578493326769553,0,4.572492216815373,1,amount_spike,-0.10401084794353138,0,0.9875974310295998,1.0
TXN186120,U001720,2025-03-04 12:55:00,18468.4,1,1,1,4.110869653856478,1112.9833333333331,0.2216135424891556,0,4.457488486062043,1,amount_spike,-0.1016909613590295,0,0.9874303309622733,1.0
TXN207483,U004112,2025-03-20 04:58:00,10992.56,1,1,1,18.3205583739803,11097.516666666666,0.0990522055930367,0,4.237049633767616,1,amount_spike,-0.05648204156434744,0,0.9873571491865476,1.0
TXN200751,U001287,2025-03-15 05:32:00,7504.94,1,1,1,6.098560531789314,461.48333333333335,0.7929075775377056,0,4.357619821082575,1,amount_spike,-0.09601773933649438,0,0.9871869088401733,1.0
TXN223553,U003947,2025-03-31 17:54:00,7528.05,1,1,1,3.270167339451827,2768.1666666666665,0.070880862315772,0,4.470089840702065,1,amount_spike,-0.10023545304459253,0,0.987186268189621,1.0
TXN205712,U005358,2025-03-18 19:20:00,34638.35,1,1,1,6.369956414362233,9994.683333333332,0.0382400694564344,0,4.552479881837591,1,amount_spike,-0.09169111929194623,0,0.9865491951368041,1.0
TXN222746,U000276,2025-03-31 06:02:00,9672.3,1,1,1,2.189103119341,1903.8833333333332,0.0689885692368019,0,4.345243772164762,1,amount_spike,-0.0960073030069945,0,0.9865286196769198,1.0
TXN122751,U000490,2025-01-17 14:02:07,192.19,1,6,6,5.350857346282018,1.0166666666666666,315.788302403529,0,0.1999604479739055,1,velocity,0.1550583413298552,1,0.9863246538006422,1.0
TXN202099,U005366,2025-03-16 04:52:00,9097.36,1,1,1,8.919946351445354,650.45,0.8228100255003785,0,4.355954042278484,1,amount_spike,-0.101827092907391,0,0.9856579494844864,1.0
TXN119517,U005373,2025-01-15 08:14:39,668.33,1,2,2,11.057947930993109,1.5833333333333333,419.03802685868624,0,1.2426661873743154,0,none,0.10614810174144074,1,0.9856168389467895,1.0
TXN211429,U001034,2025-03-22 21:55:00,11522.66,1,1,1,8.336322609404014,675.15,0.7408418226531006,0,4.355224207707465,1,amount_spike,-0.10271339533191548,0,0.9854731079909439,1.0
TXN210693,U002162,2025-03-22 13:33:00,8659.86,1,1,1,8.248834150124015,4607.916666666667,0.1074086370935761,0,4.567817736243441,1,amount_spike,-0.11099940195230684,0,0.9852707240120391,1.0
TXN215128,U003418,2025-03-25 17:06:00,34680.34,1,1,1,12.417969582996346,12943.333333333334,0.0575646285073227,0,4.320684574879284,1,amount_spike,-0.07090219932044417,0,0.9851477475658366,1.0
TXN220760,U002111,2025-03-29 17:57:00,7703.68,1,1,1,10.508695116977734,2718.266666666667,0.2319572670152538,0,4.470405605673158,1,amount_spike,-0.10811679250739381,0,0.9850413239426931,1.0
TXN130751,U000824,2025-01-23 11:14:11,185.21,1,2,2,7.451080992988081,3.3833333333333333,132.13739691998566,0,1.5973686711486583,0,none,0.09164642121728861,1,0.9848448255505607,1.0
TXN211297,U004562,2025-03-22 20:15:00,13635.46,1,1,1,7.404481487515794,18605.8,0.0238779783320764,0,4.235334871324568,1,amount_spike,-0.05371041355532957,0,0.9848077666664244,1.0
TXN164802,U005835,2025-02-17 04:44:00,10834.28,1,1,1,2.2934300720986838,2432.25,0.0565755182756381,0,4.237203826085103,1,amount_spike,-0.09627436956683882,0,0.984251140897443,1.0
TXN196606,U005421,2025-03-12 03:13:00,12674.67,1,1,1,5.995652815838294,206.91666666666663,1.7385702889261263,0,3.992678893263247,1,amount_spike,-0.08343240751638586,0,0.9837074676095099,1.0
TXN176925,U004286,2025-02-25 18:08:53,1853.58,1,2,2,13.234251280174378,2.716666666666667,292.2902123228697,0,1.2035182851007966,0,none,0.10929626712715235,1,0.9835791294118769,1.0
TXN177380,U002971,2025-02-26 01:01:00,11708.3,1,1,1,3.207942783347226,254.36666666666667,0.7566894260286996,0,3.996563843240078,1,amount_spike,-0.08510040244467876,0,0.9835380809425739,1.0
TXN203512,U004738,2025-03-17 08:29:00,19517.38,1,1,1,4.304551475661516,1112.6666666666667,0.2321208105509505,0,4.2378965953030105,1,amount_spike,-0.10273062422852619,0,0.9832780451849529,1.0
TXN193299,U004592,2025-03-09 17:27:00,14952.57,1,1,1,3.234994400969168,1461.1,0.1328448867689755,0,4.22189076764507,1,amount_spike,-0.10098300430507218,0,0.9832734904465178,1.0
TXN173946,U003582,2025-02-23 15:49:00,21915.45,1,1,1,3.318814241640478,1365.9333333333334,0.1457822645066342,0,4.226740178681586,1,amount_spike,-0.1024454637251318,0,0.9830446850261363,1.0
TXN163618,U003967,2025-02-16 08:38:59,1433.65,1,2,2,7.317284272849515,1.35,325.2126343488673,0,1.2524998800714435,0,none,0.09748180280462082,1,0.9825193723837664,1.0
TXN206056,U001486,2025-03-19 05:01:00,21328.96,1,1,1,10.77323366931842,12681.316666666668,0.0509721535349856,0,4.236129907291889,1,amount_spike,-0.07678178312469125,0,0.9822793726750618,1.0
TXN185626,U002955,2025-03-04 06:06:00,10285.6,1,1,1,4.4335861780297074,2858.1666666666665,0.0930719589533322,0,4.237430027747882,1,amount_spike,-0.10437721768514652,0,0.9816855759126868,1.0
TXN191710,U001801,2025-03-08 13:20:18,1248.12,1,2,2,12.549982079823208,2.55,295.2936959958402,0,1.106185089319775,0,none,0.10928598480599383,1,0.9816222741650633,1.0
TXN183008,U000238,2025-03-02 08:35:00,46922.49,1,1,1,13.10224953440765,1622.1333333333334,0.4846303049879534,0,4.236985634884228,1,amount_spike,-0.10552895199617185,0,0.9814244153535274,1.0
TXN216383,U005983,2025-03-26 16:19:00,7704.42,1,1,1,7.211403675660641,161.85,2.6733655887527865,0,3.7400878222966463,1,amount_spike,-0.07219521342260649,0,0.9813063025642077,1.0
TXN199187,U005885,2025-03-13 21:46:00,39488.86,1,1,1,7.876782745420769,7924.083333333333,0.0596418468666507,0,4.349865965852422,1,amount_spike,-0.10228752758169474,0,0.9810603574500943,1.0
TXN182870,U002596,2025-03-02 04:17:00,9367.66,1,1,1,4.247872829779777,423.2166666666666,0.6022266840155633,0,3.988321524064956,1,amount_spike,-0.09334749325880909,0,0.980897006441738,1.0
TXN206410,U001601,2025-03-19 10:53:00,6344.29,1,1,1,9.482102791954643,146.23333333333332,3.890536819128872,0,3.6042706462934464,1,amount_spike,-0.0645763035205813,0,0.9802126542020111,1.0
TXN206320,U002797,2025-03-19 09:40:00,12403.04,1,1,1,1.7227245685761607,7226.533333333334,0.0143033276602755,0,4.117327986824648,1,amount_spike,-0.09122454629782178,0,0.9799468332257427,1.0
TXN188350,U005578,2025-03-06 00:49:00,12354.86,1,1,1,2.7954772674181863,299.51666666666665,0.5599976719551205,0,3.850360201306364,1,amount_spike,-0.08650069751523287,0,0.9799028090933533,1.0
TXN170666,U005908,2025-02-21 09:55:00,42755.14,1,1,1,17.647525746934853,213.78333333333333,4.9529190526986415,0,3.312153787092893,1,amount_spike,-0.04030865521092186,0,0.9797789735975828,1.0
TXN177490,U002737,2025-02-26 07:06:00,17230.41,1,1,1,7.98284931367498,4205.3,0.1138969773429954,0,4.343993838708262,1,amount_spike,-0.11522922399716978,0,0.9796739384842392,1.0
TXN194485,U002954,2025-03-10 15:24:00,28411.77,1,1,1,3.1655546565516715,1283.5333333333333,0.1479768966341091,0,4.118544894917523,1,amount_spike,-0.10670402379850963,0,0.9794219156351173,1.0
TXN200506,U002289,2025-03-14 20:45:00,6020.48,1,1,1,12.0606952919924,3143.7166666666667,0.2301866848219604,0,4.2409446125557455,1,amount_spike,-0.10959131040480874,0,0.9792870207340806,1.0
TXN177034,U001019,2025-02-25 19:02:00,15392.81,1,1,1,9.805078031259375,2777.383333333333,0.2118197638816737,0,4.241276506772609,1,amount_spike,-0.1114091042905429,0,0.9792170802104461,1.0
TXN141753,U002761,2025-01-31 12:01:29,156.67,1,5,5,4.884099361554393,1.1166666666666667,262.4292194268032,0,0.1969416148206462,1,velocity,0.13977236248524394,1,0.978578707471057,1.0
TXN203891,U005704,2025-03-17 13:23:00,11441.62,1,1,1,14.538402041475369,10158.766666666666,0.0858671284724709,0,4.118749864386756,1,amount_spike,-0.08492803691089906,0,0.9784898230339437,1.0
TXN163432,U005286,2025-02-16 04:06:00,6713.3,1,1,1,2.264965189812589,3658.4666666666662,0.0371461390169165,0,4.122530112828915,1,amount_spike,-0.10487209720719287,0,0.9783715141366989,1.0
TXN189048,U003122,2025-03-06 14:55:00,5844.97,1,1,1,10.043862875383882,12600.733333333334,0.0478251349807444,0,4.122332924721342,1,amount_spike,-0.08358823859847836,0,0.9775451324717508,1.0
TXN108946,U000153,2025-01-07 15:01:46,1101.65,1,4,4,5.572734632450887,1.0,334.3640779470532,0,0.381926801429911,1,velocity,0.1272493521636101,1,0.9772334605865877,1.0
TXN189241,U000027,2025-03-06 17:25:43,434.09,1,2,2,8.131388391630656,1.5166666666666666,321.68129900956444,0,1.0273069017815462,0,none,0.09823747391951843,1,0.9771149824052466,1.0
TXN170616,U001360,2025-02-21 09:25:00,10295.35,1,1,1,14.734373230711936,3448.5666666666666,0.2563564748183446,0,4.121550474092491,1,amount_spike,-0.10539317454172603,0,0.9770119515299655,1.0
TXN188403,U004686,2025-03-06 05:39:00,7126.1,1,1,1,7.826217579562835,1132.65,0.4145791328069307,0,4.1191642636838,1,amount_spike,-0.1129346104889169,0,0.976991692545689,1.0
TXN192602,U002857,2025-03-09 06:58:00,5714.83,1,1,1,6.292580143499961,671.9833333333333,0.5618514476202252,0,3.999772813536736,1,amount_spike,-0.10514012824094227,0,0.9769779123510247,1.0
TXN186492,U002624,2025-03-04 18:02:00,11107.54,1,1,1,5.382579992564114,2861.55,0.1128600931501622,0,4.11883328827428,1,amount_spike,-0.11034271638397952,0,0.9767042056475971,1.0
TXN222913,U001847,2025-03-31 09:01:00,9935.98,1,1,1,14.699766858247033,3760.5,0.2345395589668453,0,4.122630815580859,1,amount_spike,-0.10681720296496439,0,0.9762686207313369,1.0
TXN208503,U002950,2025-03-20 19:34:00,19949.75,1,1,1,5.777681870944485,2396.983333333333,0.1446238308943891,0,4.119505587424138,1,amount_spike,-0.11315482484648309,0,0.9760608447756699,1.0
TXN212329,U002546,2025-03-23 16:27:00,8265.14,1,1,1,12.933034294546363,9780.35,0.0793409292788889,0,4.1202723543445225,1,amount_spike,-0.09393664125417606,0,0.9758662369213333,1.0
TXN131847,U004363,2025-01-24 07:29:26,297.1,1,2,2,6.529353429869421,4.05,96.73116192399144,0,1.3400373382198507,0,none,0.08359966562155918,1,0.9758264511801902,1.0
TXN217411,U000631,2025-03-27 11:05:00,1654.07,1,1,2,120.15230196919704,5.0,1441.8276236303648,1,1.2669814244858764,1,location_ip,0.1730416674365728,1,0.9754085331629582,1.0
TXN217111,U005638,2025-03-27 07:36:00,14893.15,1,1,1,6.940582411683324,8662.75,0.0480719107328503,0,4.185082940392658,1,amount_spike,-0.10511410925349202,0,0.975288153041403,1.0
TXN197072,U003677,2025-03-12 12:28:00,13301.68,1,1,1,2.070016648781615,4624.6,0.0268565927705957,0,3.991140757342847,1,amount_spike,-0.10114506853529581,0,0.9752120313493406,1.0
TXN191130,U004428,2025-03-08 03:40:00,9587.99,1,1,1,7.239440786346494,1000.2166666666668,0.4342723548372416,0,3.993569330002604,1,amount_spike,-0.1104041114012233,0,0.9744312736738172,1.0
TXN159447,U001206,2025-02-13 09:00:00,8747.9,1,1,1,2.415501689720549,17998.233333333334,0.0080524626333639,0,3.739822437549847,1,amount_spike,-0.052019338758879485,0,0.9741884711735372,1.0
TXN185032,U002708,2025-03-03 17:04:00,17119.5,1,1,1,12.760975379096733,3129.383333333333,0.2446675402754975,0,4.117607465450656,1,amount_spike,-0.11426706601984621,0,0.9740848746470158,1.0
TXN174647,U003099,2025-02-24 02:01:08,89.54,2,3,4,2.9733135669616764,0.8166666666666667,218.44752736861295,0,-0.3325423366379954,1,velocity,0.1257032642659589,1,0.9732926505086604,1.0
TXN138594,U005570,2025-01-29 06:14:00,19285.08,1,1,1,10.310666442187784,38370.15,0.0161229493898581,0,3.18900949862128,1,amount_spike,0.037608713896445045,1,0.9722356563873098,1.0
TXN195923,U005611,2025-03-11 16:05:00,9207.99,1,1,1,8.056942583710832,1523.8666666666666,0.3172302181004353,0,3.997093087046198,1,amount_spike,-0.11551403550103057,0,0.9718259104501321,1.0
TXN219825,U000068,2025-03-29 00:57:00,12886.32,1,1,1,10.911466039213492,10796.05,0.0606414348166977,0,3.997845574934486,1,amount_spike,-0.09352220364477726,0,0.9714248804181195,1.0
TXN189042,U003788,2025-03-06 14:52:00,7403.82,1,1,1,6.469925498120408,2600.7166666666667,0.149264829522846,0,3.999448281215982,1,amount_spike,-0.11469992377775279,0,0.9713570209237464,1.0
TXN209569,U002568,2025-03-21 16:35:00,7773.03,1,1,1,9.35736471648302,4825.666666666667,0.1163449367249391,0,4.121103962063126,1,amount_spike,-0.11913984686886803,0,0.9708976660940315,1.0
TXN210655,U002535,2025-03-22 13:03:00,17694.13,1,1,1,1.8888698603350915,5347.583333333333,0.0211931604531839,0,3.8665723160160894,1,amount_spike,-0.10108241635186443,0,0.9704761000374119,1.0
TXN169618,U001597,2025-02-20 14:19:00,20764.43,1,1,1,1.3385710042235552,8122.416666666667,0.0098879759004499,0,3.736994072740864,1,amount_spike,-0.08448507548194512,0,0.9704502427563717,1.0
TXN192366,U003318,2025-03-08 21:05:00,20237.59,1,1,1,10.745291121576004,8034.9,0.0802396379910839,0,3.983578493272887,1,amount_spike,-0.1021062008446863,0,0.9700475383316416,1.0
TXN188331,U003928,2025-03-05 23:36:00,34364.42,1,1,1,6.872894882073593,10519.933333333332,0.0391992686510449,0,3.989959861873574,1,amount_spike,-0.09813176230754894,0,0.9699397909766683,1.0
TXN195736,U005221,2025-03-11 13:17:00,12921.15,1,1,1,13.773978980675642,15625.916666666666,0.0528889764658418,0,3.738313452075699,1,amount_spike,-0.06534220795121654,0,0.9693104194872898,1.0
TXN193283,U004012,2025-03-09 17:19:00,17660.56,1,1,1,10.335097601382037,13452.283333333333,0.0460966990299978,0,3.870439285560553,1,amount_spike,-0.0823022547464537,0,0.9691719101407162,1.0
TXN179964,U005282,2025-02-27 20:57:00,8121.32,1,1,1,9.973226918227049,3179.75,0.1881888875205984,0,3.998799714697059,1,amount_spike,-0.11704561751589221,0,0.969150817418928,1.0
TXN185807,U004214,2025-03-04 08:51:00,21884.59,1,1,1,9.011323858175944,831.5666666666667,0.6501937284930733,0,3.87041802664104,1,amount_spike,-0.1128576582046697,0,0.9691415887422795,1.0
TXN181578,U005375,2025-03-01 06:57:00,8089.5,1,1,1,12.695159266080449,3512.366666666667,0.2168650452111568,0,3.9958843735107776,1,amount_spike,-0.11533833451961428,0,0.9690757020330268,1.0
TXN164325,U001951,2025-02-16 17:14:00,8111.37,1,1,1,5.791424285854234,4902.483333333334,0.0708794775065536,0,3.999657652526199,1,amount_spike,-0.11640367964332432,0,0.9681492300090827,1.0
TXN169311,U002103,2025-02-20 10:13:59,6447.12,1,1,1,228.19215308485997,13926.983333333334,0.983093672003025,1,1.7431725056652585,0,none,0.07585847049502648,1,0.968036076767578,1.0
TXN150986,U004603,2025-02-06 23:48:00,9385.55,1,1,1,8.382781741532044,12151.233333333334,0.0413922513620227,0,3.872438438617368,1,amount_spike,-0.08909916654723665,0,0.9677625612335032,1.0
TXN174671,U000490,2025-02-24 03:46:00,7950.74,1,1,1,5.388045141375478,16028.883333333331,0.0201687604656923,0,3.737198415155788,1,amount_spike,-0.0706090330752584,0,0.9675280343947541,1.0
TXN182841,U004451,2025-03-02 00:42:00,7180.61,1,1,1,5.238174621219062,388.4166666666667,0.8091580620634465,0,3.604611085403405,1,amount_spike,-0.09751189200001348,0,0.9675117959386346,1.0
TXN138520,U001613,2025-01-29 00:00:46,130.04,2,2,2,2.4236605222129786,0.0,0.0,0,-1.674722587951347,1,velocity,0.04223393093304162,1,0.9670849062924683,1.0
TXN193172,U002432,2025-03-09 15:32:00,16422.48,1,1,1,15.46556311803022,4335.266666666666,0.2140430701106767,0,3.829440314805408,1,amount_spike,-0.10412748682155504,0,0.9667630769817142,1.0
TXN178727,U005563,2025-02-26 22:11:00,9589.54,1,1,1,1.8086613902529936,218.66666666666663,0.4962790400084434,0,3.4573748123173065,1,amount_spike,-0.08986234182894293,0,0.9662471227223538,1.0
TXN175948,U005846,2025-02-25 03:13:00,8060.11,1,1,1,9.100911857957652,627.8,0.8697908752428468,0,3.739159968434144,1,amount_spike,-0.10890366233478382,0,0.9662284836819901,1.0
TXN187905,U004465,2025-03-05 18:16:00,22337.57,1,1,1,3.580940728601069,18985.033333333333,0.0113171486161589,0,3.5982291085666085,1,amount_spike,-0.05589324628657766,0,0.9661568989120238,1.0
TXN188347,U002105,2025-03-06 00:26:00,14849.03,1,1,1,4.098843711269206,3367.5666666666666,0.0730291771534794,0,3.866785523950072,1,amount_spike,-0.11410697534406244,0,0.9661500046130339,1.0
TXN203874,U004193,2025-03-17 13:07:00,11770.86,1,1,1,4.9894915701667415,20398.55,0.0146760183547362,0,3.598455822343084,1,amount_spike,-0.052486966982799144,0,0.9659616226114395,1.0
TXN167468,U003780,2025-02-18 22:25:00,12378.67,1,1,1,3.88088619853988,10960.283333333333,0.0212451781428149,0,3.737108523257723,1,amount_spike,-0.08758574382745121,0,0.9652562951062018,1.0
TXN204674,U000474,2025-03-18 03:11:00,20790.88,1,1,1,8.712819699866712,5363.633333333333,0.0974654957756252,0,3.987028909356394,1,amount_spike,-0.11947770311891082,0,0.9650676024040488,1.0
TXN162044,U004640,2025-02-14 23:16:00,6425.17,1,1,1,2.248973226594827,9312.066666666668,0.014490703130242,0,3.741048045080226,1,amount_spike,-0.09285021677826161,0,0.9649794365312516,1.0
TXN166499,U004464,2025-02-18 10:45:00,14309.05,1,1,1,10.205884842361815,9654.05,0.0634296580752854,0,3.864983734537793,1,amount_spike,-0.10053297630493518,0,0.9643389046385513,1.0
TXN160165,U005883,2025-02-13 18:38:00,21691.16,1,1,1,4.282855355149845,1472.4666666666667,0.1745175813661819,0,3.7356699521266807,1,amount_spike,-0.11302011170757648,0,0.9635957640636106,1.0
TXN199950,U003000,2025-03-14 14:55:55,393.92,1,2,2,15.058703249883008,4.9,184.39228469244495,0,0.7614186909649268,0,none,0.09952217239550054,1,0.9635715515456936,1.0
TXN183212,U001964,2025-03-02 11:05:00,17779.66,1,1,1,3.0035748326704814,2383.0,0.0756250482418081,0,3.697090876568019,1,amount_spike,-0.10921709634858195,0,0.9630314610162289,1.0
TXN221813,U003766,2025-03-30 12:57:00,18272.95,1,1,1,4.136446500749558,289.53333333333336,0.8571959131187201,0,3.5039084591466665,1,amount_spike,-0.09911863715790531,0,0.9627741086680756,1.0
TXN146092,U003604,2025-02-03 13:35:00,18609.92,1,1,1,5.84813521565968,64.71666666666667,5.421912638777967,0,2.999519914260853,1,amount_spike,-0.060331075371498566,0,0.9623744762144705,1.0
TXN195187,U001592,2025-03-11 04:23:00,8397.08,1,1,1,11.630900168144368,1990.2333333333331,0.3506392935947185,0,3.799644126921315,1,amount_spike,-0.11725812051106466,0,0.9620764611837433,1.0
TXN197252,U002072,2025-03-12 14:55:00,9758.21,1,1,2,2.4092722414680523,25.433333333333334,5.683735300973125,0,3.993819683471749,1,amount_spike,0.05769905936137065,1,0.96132114503242,1.0
TXN168557,U001415,2025-02-19 18:46:11,384.64,1,1,1,21.97075684380766,66.25,19.898043934014485,0,2.213657272727008,0,none,0.0035019180557290808,1,0.9610649014765672,1.0
TXN193871,U003236,2025-03-10 06:22:00,37746.4,1,1,1,4.390339155857699,8320.1,0.0316607191441763,0,3.735894154821483,1,amount_spike,-0.10255697770179739,0,0.9602200017904016,1.0
TXN221675,U005160,2025-03-30 11:35:10,421.21,1,1,1,17.86113683911474,899.35,1.1916030581496462,0,3.327378587808705,0,none,-0.0843099345485217,0,0.9599627164201453,1.0
TXN180061,U003625,2025-02-27 23:30:00,6211.27,1,1,1,10.628906930741223,15538.75,0.0410415519809813,0,3.605133288292752,1,amount_spike,-0.0774293004766704,0,0.9575488421894062,1.0
TXN180081,U004669,2025-02-27 23:59:00,9447.64,1,1,1,6.512021848944873,3215.883333333333,0.1214973524962117,0,3.740922909655159,1,amount_spike,-0.1198120517138721,0,0.9568705016656119,1.0
TXN170357,U000064,2025-02-21 00:42:00,8822.36,1,1,1,9.718483337633977,858.3,0.6793766751229623,0,3.603963044495263,1,amount_spike,-0.11407154664570546,0,0.9566021361937895,1.0
TXN180144,U003128,2025-02-28 06:12:00,8332.2,1,1,1,3.1376873747611715,540.2,0.3485028553973904,0,3.4628158843065413,1,amount_spike,-0.10603056526017057,0,0.9564011117647028,1.0
TXN211357,U004494,2025-03-22 20:52:00,27895.48,1,1,1,2.9081126375667026,177.6,0.9824704856644264,0,3.3018224820908526,1,amount_spike,-0.09433990091648803,0,0.956379676117244,1.0
TXN104977,U001903,2025-01-04 16:32:57,343.65,1,2,2,6.103936546268578,4.116666666666666,88.96425735452179,0,0.9387578654114028,0,none,0.07641591063012676,1,0.9561335242536348,1.0
TXN177354,U004715,2025-02-25 23:56:00,16518.83,1,1,1,5.180841978070354,5245.25,0.0592632417299883,0,3.7365174330875854,1,amount_spike,-0.11663869497707591,0,0.9558236342251415,1.0
TXN101218,U003050,2025-01-01 20:01:57,119.87,1,1,1,9.397319281521463,95.31666666666666,5.91543091685212,0,2.9725927328806043,0,none,-0.06918456471241258,0,0.9548282316383775,1.0
TXN134489,U001772,2025-01-26 00:48:14,2621.75,1,1,1,11.343877056583988,32614.816666666666,0.0208688164753863,0,2.90115234437002,0,none,0.014145675303442906,1,0.9543580132749375,1.0
TXN198852,U002600,2025-03-13 18:20:00,18217.15,1,1,1,8.659540452939646,13133.483333333334,0.0395609004853786,0,3.599161492161417,1,amount_spike,-0.0889405501496286,0,0.9537906499986148,1.0
TXN179970,U001677,2025-02-27 21:04:00,21864.75,1,1,1,5.649396987508013,2723.1666666666665,0.1244741364528358,0,3.602718891615606,1,amount_spike,-0.11565824021507448,0,0.9532931859252012,1.0
TXN190456,U001696,2025-03-07 15:26:00,14652.6,1,1,1,14.453250036269012,21534.68333333333,0.0402696890756604,0,3.155700317230856,1,amount_spike,-0.03446073289946605,0,0.95217186870304,1.0
TXN161315,U003330,2025-02-14 14:31:00,7866.65,1,1,1,4.014884616522202,16905.45,0.0142494329929893,0,3.4636282299877297,1,amount_spike,-0.07341654549197851,0,0.9518820683774726,1.0
TXN173391,U002070,2025-02-23 08:54:00,20267.47,1,1,1,3.256294899547578,7048.966666666666,0.0277172106511386,0,3.591323961127922,1,amount_spike,-0.10740002941722276,0,0.9517288288893144,1.0
TXN188406,U004315,2025-03-06 05:47:00,10465.15,1,1,1,6.3700228840470805,5448.166666666667,0.0701522909314126,0,3.7255601862454735,1,amount_spike,-0.12224698444457555,0,0.9506959634146379,1.0
TXN174698,U004164,2025-02-24 05:48:00,31452.27,1,1,1,16.122650569064422,7155.45,0.1351919214226729,0,3.4577532643461666,1,amount_spike,-0.0951340046038402,0,0.9498760043617414,1.0
TXN148069,U002109,2025-02-04 21:01:00,10814.68,1,1,1,5.895872675282353,152.6,2.318167500111017,0,3.1610408126672684,1,amount_spike,-0.09180701715225081,0,0.9498114210991259,1.0
TXN175368,U005922,2025-02-24 16:23:00,12967.19,1,1,1,19.030382317954544,4805.15,0.2376248273367684,0,3.3156306094984624,1,amount_spike,-0.08884686110097029,0,0.949706717189154,1.0
TXN184266,U003745,2025-03-03 06:59:00,10866.32,1,1,1,2.607506654959168,1252.2166666666667,0.124938761367881,0,3.46165213396347,1,amount_spike,-0.11487361762058057,0,0.9489887205983297,1.0
TXN208338,U000113,2025-03-20 17:55:41,380.42,1,2,2,4.5435976299828935,1.3333333333333333,204.46189334923025,0,0.6391780615733342,0,none,0.08009401585163811,1,0.947324346682978,1.0
TXN193742,U004657,2025-03-09 22:24:00,14046.68,1,1,1,4.5438117365491015,11950.733333333334,0.0228127175620697,0,3.4617511227332454,1,amount_spike,-0.09229653829439133,0,0.9462643807353529,1.0
TXN110727,U002906,2025-01-08 19:36:00,23109.96,1,1,1,1.149121983012568,10892.533333333333,0.0063297781031122,0,3.2605219391784352,1,amount_spike,-0.08145684667725567,0,0.9450871743565107,1.0
TXN177314,U000359,2025-02-25 22:49:00,20070.29,1,1,1,1.1837707680217586,13067.85,0.0054351898806081,0,3.226969191293612,1,amount_spike,-0.07369678230348536,0,0.9450256814545273,1.0
TXN173066,U001429,2025-02-22 22:11:00,58421.71,1,1,1,7.939736361740506,20852.0,0.0228459707320367,0,3.3122969230122408,1,amount_spike,-0.0600185809252633,0,0.9448434348635723,1.0
TXN165526,U003398,2025-02-17 16:41:00,6807.8,1,1,1,2.795940061813037,7707.8,0.0217644987815955,0,3.462725843842684,1,amount_spike,-0.10600357374210578,0,0.9438256518749814,1.0
TXN181452,U000015,2025-02-28 23:15:00,30470.15,1,1,1,4.910415942517763,1471.75,0.2001868228646616,0,3.45983654389496,1,amount_spike,-0.12011991203232159,0,0.9437034309386241,1.0
TXN221133,U003381,2025-03-29 21:35:00,10142.12,1,1,1,8.822946980220909,3689.033333333333,0.1435001451545358,0,3.6043362959812417,1,amount_spike,-0.12592913774546327,0,0.9429369841937488,1.0
TXN134082,U001437,2025-01-25 18:39:06,812.5,1,2,2,8.717650310852505,4.633333333333334,112.89043568010436,0,0.6770267259130487,0,none,0.07865290217249332,1,0.9428398502298607,1.0
TXN198632,U003325,2025-03-13 15:35:00,10232.04,1,1,1,6.220493924117958,484.75,0.7699425176835017,0,3.347709581926982,1,amount_spike,-0.11542568007404913,0,0.9418611818579081,1.0
TXN153303,U003555,2025-02-08 18:21:00,21966.49,1,1,1,4.763370037329377,1942.65,0.1471197602449039,0,3.4535731296474053,1,amount_spike,-0.12081241854288499,0,0.9417807944064109,1.0
TXN175129,U001023,2025-02-24 12:45:00,6480.38,1,1,1,4.798001617805341,2590.866666666667,0.1111134358136223,0,3.463439043267771,1,amount_spike,-0.12071024652457868,0,0.9411953448898487,1.0
TXN148781,U001753,2025-02-05 12:55:16,568.62,1,1,1,16.413828675501076,86.53333333333333,11.38092897376808,0,2.327189824739887,0,none,-0.03446980533950317,0,0.9409133741215072,1.0
TXN170201,U003395,2025-02-20 20:47:00,7844.66,1,1,1,3.806662897075845,8699.383333333333,0.0262547085319707,0,3.463237555799372,1,amount_spike,-0.10770853203621206,0,0.9400960831746947,1.0
TXN156508,U002790,2025-02-11 02:53:00,8598.94,1,1,1,1.7665964127163776,10522.133333333331,0.0100736021303964,0,3.309713457914142,1,amount_spike,-0.09273831381579756,0,0.939344675039073,1.0
TXN102360,U000173,2025-01-02 17:25:57,332.76,1,1,1,0.7124289960968916,311.8833333333333,0.1370568260540164,0,3.047566152259293,0,none,-0.09672858688891894,0,0.939322170624822,1.0
TXN174625,U004284,2025-02-24 00:54:00,6667.49,1,1,1,2.775982398862621,995.75,0.1672698407549658,0,3.3157412344816426,1,amount_spike,-0.11619437508052449,0,0.9387976790484572,1.0
TXN171348,U001933,2025-02-21 18:45:00,14290.86,1,1,1,5.13537907355598,17285.733333333334,0.0178252630924939,0,3.3154847539714867,1,amount_spike,-0.07872892080871813,0,0.9368951015450832,1.0
TXN174634,U001336,2025-02-24 01:15:00,21745.78,1,1,1,13.102024414026005,11876.9,0.06618911204452,0,3.3106119096928004,1,amount_spike,-0.09114464552826129,0,0.9346259928243821,1.0
TXN200444,U001156,2025-03-14 20:02:35,1303.02,1,1,1,31.582817248366734,658.0,2.879892150306997,0,2.3682572006219265,0,none,-0.03802537139403794,0,0.9345558721042638,1.0
TXN175061,U001423,2025-02-24 12:00:00,10097.12,1,1,1,16.095649556259957,3661.483333333333,0.2637562117472238,0,3.313185983810801,1,amount_spike,-0.11121659451847316,0,0.933432410091701,1.0
TXN131341,U004320,2025-01-23 18:46:54,169.93,1,1,1,2.6574344450294225,27096.516666666663,0.0058843750531931,0,2.6781969641586025,0,none,-0.010159678210120648,0,0.9327989041469669,1.0
TXN210401,U000740,2025-03-22 09:34:17,3673.64,1,1,1,9.131615354938742,2744.333333333333,0.1996466371783035,0,3.45126304102786,0,none,-0.12816913065244373,0,0.9317355605304138,1.0
TXN105893,U002880,2025-01-05 10:21:01,119.46,1,1,1,525.2830690730787,438.01666666666665,71.95384683471265,1,0.9433521683111382,0,none,0.14399203287917817,1,0.9315783317585109,1.0
TXN106671,U005066,2025-01-05 20:11:10,739.01,1,1,1,2.0806069783095644,1756.8666666666666,0.0710562850710965,0,3.23978572358702,0,none,-0.11700511291306792,0,0.930749956722466,1.0
TXN103714,U000334,2025-01-03 17:52:00,6157.81,1,1,1,14.910407995474444,2947.0333333333333,0.3035678183919874,0,3.296725770054584,1,amount_spike,-0.11555472136527917,0,0.9298635651971942,1.0
TXN191473,U004933,2025-03-08 10:07:00,11925.25,1,1,1,7.880091596776932,7114.533333333334,0.0664562907578781,0,3.462606372943613,1,amount_spike,-0.12102266371052911,0,0.9297273573646925,1.0
TXN175929,U003581,2025-02-25 00:52:00,11633.29,1,1,1,6.515089505564433,4431.033333333334,0.0882199119093061,0,3.4622477004244545,1,amount_spike,-0.1285358495495288,0,0.928976199179347,1.0
TXN156796,U001588,2025-02-11 09:59:00,9869.84,1,1,1,6.992124766369491,7051.216666666666,0.0594971769858397,0,3.4627363153122923,1,amount_spike,-0.12248331338458407,0,0.9286680871814099,1.0
TXN167135,U005405,2025-02-18 18:32:00,7807.22,1,1,1,4.417904029030882,1730.2333333333331,0.1532014420454965,0,3.3122265667017112,1,amount_spike,-0.12454150261282787,0,0.92819173872586,1.0
TXN114794,U005990,2025-01-11 18:27:12,1082.41,1,1,1,7.213262413653245,15452.1,0.0280088625377259,0,3.292398755998195,0,none,-0.08991718638835844,0,0.9276856909727489,1.0
TXN145489,U000682,2025-02-03 04:52:00,11649.28,1,1,1,12.233073789012616,4427.3,0.165786015707261,0,3.462712241653508,1,amount_spike,-0.128560049931343,0,0.927135590741815,1.0
TXN123280,U005490,2025-01-17 20:27:05,1117.74,1,1,1,2.1117416911135343,564.8833333333333,0.2243020708703485,0,3.0921622397123265,0,none,-0.11260847270063734,0,0.926144933219356,1.0
TXN177268,U002093,2025-02-25 21:45:00,13625.15,1,1,1,13.60596096336926,3099.6833333333334,0.2633680831274664,0,3.315285049904221,1,amount_spike,-0.12169522716837444,0,0.924956266110631,1.0
TXN145450,U001985,2025-02-03 00:56:00,12628.65,1,1,1,5.645309890545492,1943.4166666666667,0.1742902586163867,0,3.30900156291352,1,amount_spike,-0.12717732328300063,0,0.9241291963643989,1.0
TXN101393,U003811,2025-01-01 22:21:00,11165.81,1,1,1,4.146636721115436,786.8333333333334,0.3162019105277604,0,3.2018062859491163,1,amount_spike,-0.12291924374790941,0,0.9230548139742241,1.0
TXN175977,U000365,2025-02-25 05:57:00,22303.74,1,1,1,5.754425150629005,1930.7666666666669,0.1788230110859625,0,3.312843643918792,1,amount_spike,-0.12915485023765938,0,0.922258034474169,1.0
TXN175571,U001199,2025-02-24 18:37:55,1072.47,1,2,2,7.954149198828017,4.35,109.71240274245542,0,0.4491015118531485,0,none,0.07525479516114264,1,0.9218322010179294,1.0
TXN180883,U004215,2025-02-28 16:31:00,7720.39,1,1,1,7.673933960807391,1579.35,0.2915351490476737,0,3.315002127839412,1,amount_spike,-0.1300184776457392,0,0.9217524397849225,1.0
TXN175954,U003676,2025-02-25 04:30:00,38064.22,1,1,1,1.6410510445895412,3698.35,0.0266235112078014,0,3.161829084441055,1,amount_spike,-0.11477675240637125,0,0.9217266973258073,1.0
TXN203554,U000944,2025-03-17 09:12:00,17478.61,1,1,1,7.841639146306014,10715.1,0.0439098420713162,0,3.314579085722872,1,amount_spike,-0.10867630466296879,0,0.9211765852809775,1.0
TXN167924,U002424,2025-02-19 10:35:59,1723.16,1,1,1,20.216355698493214,11650.716666666667,0.1041121655099551,0,2.798684681696878,0,none,-0.06215206003515045,0,0.9209038811854446,1.0
TXN107076,U002821,2025-01-06 08:50:25,1221.4,1,1,1,11.380021408921534,1570.5833333333333,0.4347437477807346,0,3.297044254531599,0,none,-0.1285754401610436,0,0.92049946749673,1.0
TXN118740,U002800,2025-01-14 16:24:27,596.57,1,1,1,23.401416034839016,150.03333333333333,9.358486750213336,0,1.910965228969077,0,none,-0.01970794439961876,0,0.9202074000998022,1.0
TXN103350,U002570,2025-01-03 12:42:00,13265.03,1,1,1,2.5768200865318827,2598.4166666666665,0.0595013136943316,0,3.1986863991514656,1,amount_spike,-0.12144048854122652,0,0.9200915377591949,1.0
TXN104128,U002237,2025-01-03 22:12:00,9807.13,1,1,1,2.399366672564789,2399.6833333333334,0.0599920824361078,0,3.1860948463528227,1,amount_spike,-0.12110666428021288,0,0.9199399832891731,1.0
TXN149676,U003465,2025-02-06 06:20:00,7750.04,1,1,1,4.842842465206608,16344.45,0.0177779336663146,0,3.160963106840531,1,amount_spike,-0.0854444461190032,0,0.919617917519782,1.0
TXN111042,U002516,2025-01-09 06:19:00,7844.29,1,1,1,12.52914056364352,9903.966666666667,0.0759037726115069,0,3.2704678741376902,1,amount_spike,-0.10710060390051451,0,0.9195292142664891,1.0
TXN113324,U004726,2025-01-10 17:58:03,1001.49,1,1,1,7.536794786852255,11294.433333333332,0.0400381031845601,0,3.289102230242796,0,none,-0.10751815094871298,0,0.9187030731207411,1.0
TXN102151,U000450,2025-01-02 14:11:00,7483.43,1,1,1,5.618526569454053,1132.4166666666667,0.2976921870635747,0,3.2388851613224943,1,amount_spike,-0.12863740983408245,0,0.918377325479286,1.0
TXN124403,U002675,2025-01-18 18:26:32,2384.13,1,1,1,11.563655996664949,20437.58333333333,0.0339482094572448,0,3.0293519342007347,0,none,-0.0646070760310451,0,0.9180030821072785,1.0
TXN219814,U004961,2025-03-29 00:03:00,7446.75,1,1,1,2061.8089223664315,179.0,691.109135988748,1,5.460553059716419,1,amount_spike,0.2139268892919035,1,0.9179370727762477,1.0
TXN177972,U005247,2025-02-26 13:20:29,518.36,1,1,1,17.53535884465991,3218.1833333333334,0.3269302652157567,0,3.0824809315673147,0,none,-0.10840519269071741,0,0.9174594634424535,1.0
TXN164085,U002027,2025-02-16 13:55:00,7820.11,1,1,1,2.302755264481572,2694.983333333333,0.0512675956693217,0,3.160261800235192,1,amount_spike,-0.12061125398118483,0,0.9173360178730623,1.0
TXN128869,U000377,2025-01-21 21:25:00,8035.97,1,1,1,5.727713643461837,612.7333333333333,0.5608684886427651,0,3.1621661964349297,1,amount_spike,-0.12519846898932147,0,0.916720827007858,1.0
TXN166424,U003493,2025-02-18 09:47:00,14556.97,1,1,1,3.4824136291934997,11500.516666666666,0.018168298330215,0,3.159961711912994,1,amount_spike,-0.09994440524848425,0,0.9165130431152334,1.0
TXN104641,U002726,2025-01-04 11:31:00,7914.5,1,1,1,6.337245768180265,1625.5166666666669,0.2339162396104721,0,3.2819879175700426,1,amount_spike,-0.13231090165907866,0,0.9163803712255079,1.0
TXN116769,U002226,2025-01-13 08:13:29,422.47,1,1,1,25.764146704710697,7250.65,0.2132014098436198,0,2.60550645446646,0,none,-0.0596911878469899,0,0.9161740275939515,1.0
TXN193799,U004819,2025-03-10 00:11:00,7617.61,1,1,1,4.565085591352116,5265.9,0.0520148759910227,0,3.315260259930336,1,amount_spike,-0.1273765026129045,0,0.915694441138048,1.0
TXN166622,U005533,2025-02-18 12:13:00,10299.78,1,1,1,4.7948594968504725,6130.083333333333,0.0469311025914865,0,3.310338649352868,1,amount_spike,-0.1251875373814813,0,0.9152951854812804,1.0
TXN137206,U000359,2025-01-28 05:08:00,17448.91,1,1,1,13.50153188066693,4970.6,0.1629766854786174,0,3.3130957653573554,1,amount_spike,-0.12559426050127953,0,0.9151352810972193,1.0
TXN145444,U002845,2025-02-03 00:19:00,10423.08,1,1,1,1.0175632602298317,1482.85,0.0411732782235491,0,2.998822670251082,1,amount_spike,-0.1134086568854199,0,0.9146183431270388,1.0
TXN166146,U004096,2025-02-18 03:08:00,22777.53,1,1,1,8.103157181159691,17619.016666666666,0.0275945837425422,0,3.160984841684351,1,amount_spike,-0.08593833949717217,0,0.9141793718910965,1.0
TXN209662,U001141,2025-03-21 17:46:38,318.88,1,1,1,22.2801877661669,622.5166666666667,2.1474304826698307,0,2.4976228341048765,0,none,-0.07072698414365008,0,0.9130278485886815,1.0
TXN102072,U003174,2025-01-02 12:52:00,7143.34,1,1,1,8.534863837256452,1337.0333333333333,0.38300603094068,0,3.2619652407040665,1,amount_spike,-0.13348106479870225,0,0.9130222491284985,1.0
TXN167635,U005814,2025-02-19 07:12:00,12405.33,1,1,1,8.390361261594657,8303.85,0.0606250926613172,0,3.3154094552442595,1,amount_spike,-0.12124238293808026,0,0.9128904515138778,1.0
TXN168274,U003993,2025-02-19 15:38:00,8644.66,1,1,1,5.890027074339471,5506.216666666666,0.0641822953680297,0,3.3153724934411715,1,amount_spike,-0.1293490918181725,0,0.912046603502465,1.0
TXN111617,U000692,2025-01-09 14:03:24,445.1,1,1,1,9.149007142418082,11629.033333333333,0.0472043043312644,0,3.2342228499219505,0,none,-0.10762201363397417,0,0.9117138269482011,1.0
TXN212461,U001146,2025-03-23 17:57:23,415.26,1,1,1,26.95975167873332,562.1,2.877753248041272,0,2.153768365171556,0,none,-0.043867144164887795,0,0.9111023593581978,1.0
TXN107396,U003100,2025-01-06 12:46:32,562.01,1,1,1,16.219200923964884,1755.9833333333331,0.5541920797110221,0,3.0718796247707885,0,none,-0.11673152926170305,0,0.910977411780917,1.0
TXN151792,U001446,2025-02-07 17:30:00,24897.2,1,1,1,13.813374592332368,11310.283333333333,0.0732786660699577,0,3.158636039328182,1,amount_spike,-0.1016935744666212,0,0.9107929537648054,1.0
TXN131769,U005103,2025-01-24 04:26:00,15590.53,1,1,1,14.107646267480009,2062.583333333333,0.410387673733813,0,3.16040686845775,1,amount_spike,-0.12379323853581059,0,0.9107714078212065,1.0
TXN162072,U001783,2025-02-15 00:39:00,7923.18,1,1,1,8.953244730828562,3855.016666666667,0.1393495100798648,0,3.316362505354723,1,amount_spike,-0.13341832485327348,0,0.9107653583235292,1.0
TXN118973,U001630,2025-01-14 19:04:08,184.57,1,1,1,7.776277562306776,524.5333333333333,0.889508109567374,0,3.096805094818258,0,none,-0.12445492162775673,0,0.9107500394439811,1.0
TXN152013,U004642,2025-02-07 19:33:00,13268.95,1,1,1,9.05688648882065,3400.35,0.159810957498269,0,3.3121211079767834,1,amount_spike,-0.13473806138467892,0,0.909991743653402,1.0
TXN155659,U002989,2025-02-10 13:00:00,24776.57,1,1,1,4.30704100916544,1180.9666666666667,0.2188228235766685,0,3.15963443330936,1,amount_spike,-0.12991812668610692,0,0.9094207387064753,1.0
TXN138583,U004046,2025-01-29 05:56:00,5590.21,1,1,1,11.39592036447877,5812.1,0.1176434028782584,0,3.3159260440408924,1,amount_spike,-0.12938727199045613,0,0.908929137233249,1.0
TXN145484,U003784,2025-02-03 04:31:00,22569.23,1,1,1,8.514184414180374,6371.4,0.0801787777962178,0,3.315383544242261,1,amount_spike,-0.12930772976889304,0,0.9084066726833151,1.0
TXN173071,U004477,2025-02-22 22:17:00,13038.3,1,1,1,8.31616813529667,4539.75,0.1099113581403822,0,3.315541286912122,1,amount_spike,-0.13374976270251981,0,0.9083988420165737,1.0
TXN109275,U001507,2025-01-07 18:58:20,559.59,1,1,1,6.52130384223033,7713.666666666667,0.0507253226568194,0,3.254380407041812,0,none,-0.12247349239990812,0,0.9076791107345281,1.0
TXN163572,U004722,2025-02-16 08:08:00,6537.99,1,1,1,0.7773921094759947,7731.1,0.0060332328605967,0,2.998817728430579,1,amount_spike,-0.10415637498640173,0,0.9075521370338885,1.0
TXN211379,U005713,2025-03-22 21:06:15,282.6,1,1,1,19.890196539531864,630.9,1.8916021435598545,0,2.583462134407186,0,none,-0.08262970007947906,0,0.907340856121555,1.0
TXN110819,U005581,2025-01-08 20:27:00,10538.6,1,1,1,3.960878674376826,6019.666666666667,0.0394793821024325,0,3.241973325575954,1,amount_spike,-0.1267849966489198,0,0.907068972685361,1.0
TXN162127,U002127,2025-02-15 05:53:00,7891.78,1,1,1,5.024215656880981,2081.266666666667,0.1448410932827086,0,3.1600687770090228,1,amount_spike,-0.13024259080069944,0,0.905913775847484,1.0
TXN203810,U000243,2025-03-17 12:23:00,9863.46,1,1,1,0.0,626.0,0.0,0,2.826046914820802,1,amount_spike,-0.10988240621689699,0,0.9046110782411664,1.0
TXN210923,U004416,2025-03-22 17:02:30,569.3,1,1,1,21.643078461001192,423.53333333333336,3.066074392397461,0,2.2972285266056733,0,none,-0.062219560564113374,0,0.9044675838562668,1.0
TXN131443,U002468,2025-01-23 19:34:01,1199.56,1,1,1,22.4442892201966,141.33333333333334,9.528235989706102,0,1.8634716250973489,0,none,-0.029153936029153615,0,0.9040347884038834,1.0
TXN118121,U005052,2025-01-14 08:09:00,77237.31,1,1,1,4.5120690679451245,8583.716666666667,0.0315392684299583,0,3.183697373830781,1,amount_spike,-0.11907869691061318,0,0.9027866362208947,1.0
TXN118991,U000193,2025-01-14 19:10:53,450.17,1,1,1,13.115577484098518,4942.866666666667,0.1592061251323613,0,3.235330868571345,0,none,-0.12963064115206197,0,0.9021196432676055,1.0
TXN133571,U002490,2025-01-25 11:33:00,6481.17,1,1,1,10.517846409975489,2203.7,0.2863687364879654,0,3.161707585452369,1,amount_spike,-0.13233975456984332,0,0.9004699717104057,1.0
TXN124815,U002848,2025-01-19 00:20:00,12740.34,1,1,1,8.462670081538144,1574.9,0.322407902020629,0,3.1797503702490806,1,amount_spike,-0.13641201051400786,0,0.899747889282799,1.0
TXN180840,U001322,2025-02-28 15:59:07,300.87,1,2,2,20.09079791060857,4.366666666666666,276.0567651839346,0,-0.2757100481978232,0,none,0.1083621219007519,1,0.899670744563393,1.0
TXN170409,U000162,2025-02-21 06:15:00,8890.78,1,1,1,5.206030632689095,3424.4333333333334,0.0912156282678435,0,3.160971787992819,1,amount_spike,-0.13245094500947951,0,0.898429680023531,1.0
TXN142681,U004423,2025-02-01 05:03:00,22825.63,1,1,1,1.9151164687641469,2021.5166666666669,0.0568419692108312,0,2.9990287840658527,1,amount_spike,-0.1241918903059041,0,0.8982112199295275,1.0
TXN159016,U002470,2025-02-12 20:38:49,1162.12,1,1,1,16.32994686131911,92.38333333333334,10.60577461676868,0,2.002680978471046,0,none,-0.046387218280042,0,0.8981965598729315,1.0
TXN108890,U001581,2025-01-07 14:03:00,21585.1,1,1,1,7.6832376427473,7622.65,0.0604769022013129,0,3.2026856974336564,1,amount_spike,-0.1253428412470492,0,0.8979000245408554,1.0
TXN164782,U004877,2025-02-17 01:23:00,9683.3,1,1,1,5.076140206533354,3340.116666666667,0.0911849623192806,0,3.1599810661481897,1,amount_spike,-0.13310179338724054,0,0.8977273996491754,1.0
TXN166139,U001790,2025-02-18 02:15:00,10015.43,1,1,1,1.5190532442658462,8949.8,0.0101838247397652,0,2.999691217111703,1,amount_spike,-0.10855753230935639,0,0.8972214207744797,1.0
TXN147122,U001150,2025-02-04 09:46:00,13758.45,1,1,1,9.727103479595351,2480.866666666667,0.2352509373508133,0,3.1615962706549383,1,amount_spike,-0.13451304336467496,0,0.8967462992609708,1.0
TXN139106,U005735,2025-01-29 13:25:43,836.79,1,1,1,5.497098886099288,39944.61666666667,0.0082570809458084,0,2.3792141629998773,0,none,0.014622496043263822,1,0.89608987086334,1.0
TXN107486,U002374,2025-01-06 13:59:00,12990.75,1,1,1,10.35614046679416,3000.6666666666665,0.2070767922709341,0,3.188374195948156,1,amount_spike,-0.13604677655207198,0,0.8954922817466218,1.0
TXN189451,U001717,2025-03-06 19:19:00,13508.49,1,1,1,5.503257294370925,7316.75,0.045128702998224,0,3.1596769102264144,1,amount_spike,-0.12522665408622352,0,0.895171630634455,1.0
TXN108796,U005571,2025-01-07 12:56:00,13911.59,1,1,1,8.396798106603633,6723.55,0.0749318271443237,0,3.225690308031401,1,amount_spike,-0.13114820893640095,0,0.8948739783366905,1.0
TXN219336,U003278,2025-03-28 17:43:36,366.7,1,1,1,11.671334367446688,65.06666666666666,10.762500953588136,0,2.090226845955661,0,none,-0.05712326036828386,0,0.8948309493681839,1.0
TXN159206,U002988,2025-02-13 01:19:00,8950.45,1,1,1,10.634986890619476,9329.316666666668,0.0683972080953233,0,3.158925581090445,1,amount_spike,-0.11904905135319238,0,0.8947758375053307,1.0
TXN157039,U005558,2025-02-11 13:16:00,14253.85,1,1,1,5.171128373654939,7187.333333333333,0.0431686813494986,0,3.15672104479922,1,amount_spike,-0.12574433708931854,0,0.8946695107435643,1.0
TXN122204,U004318,2025-01-17 07:30:45,2076.5,1,1,1,5.217684225956687,19853.93333333333,0.0157682131949035,0,2.895360205144643,0,none,-0.07532838552435744,0,0.8941258935301943,1.0
TXN133611,U003611,2025-01-25 12:10:00,17136.44,1,1,1,2.0207449493914127,9833.733333333334,0.0123294676450603,0,2.999126121449134,1,amount_spike,-0.10837059573968238,0,0.8941093090042485,1.0
TXN156298,U002242,2025-02-10 20:19:01,492.69,1,1,1,12.443136822216912,67.01666666666667,11.140336374031556,0,2.031441255080431,0,none,-0.0536439212632287,0,0.8927736211904301,1.0
TXN208594,U002598,2025-03-20 20:39:56,1189.71,1,1,1,7.726638890921081,1918.9166666666667,0.2415937812769001,0,3.1453531158456047,0,none,-0.1379314606424844,0,0.8926891818126355,1.0
TXN191125,U000015,2025-03-08 02:38:00,36297.79,1,1,1,1.7778065992231888,6771.333333333333,0.0157529382622907,0,3.0009011565443497,1,amount_spike,-0.11751560740945882,0,0.8916434632159073,1.0
TXN203516,U000129,2025-03-17 08:31:46,219.86,1,1,1,4.952888013741974,1681.7833333333333,0.1767012878142359,0,3.0746248058211485,0,none,-0.13452555307269826,0,0.891555578371778,1.0
TXN108410,U001348,2025-01-07 08:17:23,1240.91,1,1,1,3.881732303555336,5468.616666666667,0.042589187066806,0,3.160394670924497,0,none,-0.13325980140182886,0,0.8905495302868963,1.0
TXN103044,U000378,2025-01-03 08:35:49,1050.33,1,1,1,8.113336077278111,730.5166666666667,0.6663779032694029,0,3.0386049940050426,0,none,-0.13405675829281277,0,0.8899326773335876,1.0
TXN142129,U005943,2025-01-31 17:21:55,108.06,1,2,2,15.454562678617217,4.566666666666666,203.05264833219704,0,-0.1276778792148322,0,none,0.09321375519935449,1,0.8899015526777121,1.0
TXN148210,U003093,2025-02-05 01:11:00,7554.49,1,1,1,4.160708872902444,13020.483333333334,0.0191730618582372,0,2.999287516285579,1,amount_spike,-0.10420168558429366,0,0.8878951290075118,1.0
TXN169474,U003285,2025-02-20 12:39:00,10470.2,1,1,1,4.71246342569791,1065.55,0.2653538600177135,0,3.014058231076922,1,amount_spike,-0.1338996338833578,0,0.8875326340531359,1.0
TXN171681,U005112,2025-02-21 23:01:35,1124.16,1,1,1,15.294994779543284,1738.8666666666666,0.5277573630943126,0,2.936605357528016,0,none,-0.12371825991918861,0,0.8862603159207475,1.0
TXN109799,U004705,2025-01-08 08:14:47,295.16,1,1,1,7.152021719006906,5078.833333333333,0.0844921018226786,0,3.1844373967034443,0,none,-0.13783726388207684,0,0.8862333542481865,1.0
TXN134507,U003009,2025-01-26 01:54:00,11059.68,1,1,1,1.16534840969065,2277.083333333333,0.03070634418947,0,2.8278053501998506,1,amount_spike,-0.11872838613412251,0,0.8854539990353454,1.0
TXN185650,U004182,2025-03-04 06:51:33,1494.34,1,1,1,11.915008446073962,29590.43333333333,0.024159852568266,0,2.367234615406724,0,none,-0.0145793574280344,0,0.8845908207571948,1.0
TXN187890,U004014,2025-03-05 18:09:00,8068.16,1,1,1,3.280476568850408,1725.0666666666666,0.1140991232016295,0,2.979767665142393,1,amount_spike,-0.13211305275070728,0,0.8842712476845764,1.0
TXN108093,U001854,2025-01-06 21:23:01,311.9,1,1,1,16.6448444701406,147.66666666666666,6.763142222630494,0,2.1258334740624223,0,none,-0.06488294685907131,0,0.8840986482558283,1.0
TXN145440,U004756,2025-02-03 00:00:00,7966.43,1,1,1,8.490872431019204,3745.85,0.1360044705103387,0,3.1603094582977818,1,amount_spike,-0.14012153259381976,0,0.8839501441029088,1.0
TXN144691,U002466,2025-02-02 14:13:58,650.73,1,1,1,7.143077155176777,207.45,2.065965916175496,0,2.7444576104059344,0,none,-0.11696792875471862,0,0.882845924116091,1.0
TXN141752,U000153,2025-01-31 12:01:28,1023.86,1,4,4,2.0617552378428163,1.2833333333333334,96.39375137966412,0,-0.6046734596947361,1,velocity,0.10789267982934647,1,0.8822680401094518,1.0
TXN173897,U000093,2025-02-23 14:48:35,979.36,1,1,1,3.042043247672251,25731.783333333333,0.0070932742008554,0,2.3991563564256806,0,none,-0.030519547225949406,0,0.8821974767872575,1.0
TXN148460,U002581,2025-02-05 09:05:00,10102.59,1,1,1,1.7803528511654032,12903.65,0.0082783686065511,0,2.8280269322703124,1,amount_spike,-0.09606430383484593,0,0.8808996996025611,1.0
TXN112830,U002654,2025-01-10 11:16:51,911.09,1,1,1,5.1272225517838,8641.6,0.0355991197355846,0,3.0565711723599938,0,none,-0.12458716057847835,0,0.8785844157505325,1.0
TXN155170,U002975,2025-02-10 05:35:00,11793.03,1,1,1,6.339845459384759,20628.033333333333,0.0184404747372791,0,2.824574054916574,1,amount_spike,-0.07767332982738645,0,0.8780882154510233,1.0
TXN137186,U000979,2025-01-28 02:06:00,6256.27,1,1,1,14.990425535913436,19594.15,0.0459027583311756,0,2.645705150627747,1,amount_spike,-0.06385000103700689,0,0.8772219501406373,1.0
TXN209970,U000274,2025-03-21 20:46:58,1121.59,1,1,1,21.56315222509573,545.0333333333333,2.3737798302961486,0,2.227297501867276,0,none,-0.07481158913471964,0,0.8763458157041442,1.0
TXN159906,U000913,2025-02-13 15:24:30,565.67,1,1,1,8.923933714528136,11801.4,0.0453705511949165,0,3.016688086728799,0,none,-0.11518306213928015,0,0.8744243656958524,1.0
TXN174572,U001940,2025-02-23 22:56:53,193.63,1,1,1,9.07386385992664,108.43333333333334,5.02088993171471,0,2.359484179890137,0,none,-0.09164708003529803,0,0.8740808797019336,1.0
TXN120412,U005730,2025-01-15 19:19:00,34174.01,1,1,1,13.020681139046772,7899.066666666667,0.098902933892123,0,2.992388817426126,1,amount_spike,-0.12157623392690875,0,0.8739196584527461,1.0
TXN182183,U004577,2025-03-01 15:06:00,7248.43,1,1,1,10.382866361252534,4258.433333333333,0.1462913548038367,0,3.114693410867777,1,amount_spike,-0.14089815244445497,0,0.8735975969146047,1.0
TXN115075,U001702,2025-01-11 21:22:02,588.77,1,1,1,20.738503720148024,4515.416666666667,0.2755693029160575,0,2.6530279061650277,0,none,-0.1012897293549257,0,0.8725009060894168,1.0
TXN167007,U000600,2025-02-18 17:21:00,16063.14,1,1,1,3.5298689573402138,17716.433333333334,0.0119545584292029,0,2.8270224309660765,1,amount_spike,-0.08894774508319991,0,0.872463836325842,1.0
TXN163417,U001409,2025-02-16 02:22:00,13848.45,1,1,1,3.0214282549664837,4660.716666666666,0.0388965277796309,0,2.9983693423593034,1,amount_spike,-0.134012036017356,0,0.8719171387187449,1.0
TXN157808,U000927,2025-02-11 23:46:00,12007.94,1,1,1,5.624763146361079,26504.9,0.0127329583881344,0,2.447885810652535,1,amount_spike,-0.03790924226510628,0,0.8716982580088768,1.0
TXN185060,U003714,2025-03-03 17:19:37,779.5,1,1,1,18.545398581330083,149.91666666666666,7.422282923044837,0,1.88851432571798,0,none,-0.052972972608555435,0,0.871695654794623,1.0
TXN136096,U001907,2025-01-27 09:33:00,20998.29,1,1,1,1.231393028479311,7229.916666666667,0.0102191470683745,0,2.827326041423669,1,amount_spike,-0.11519662254785207,0,0.8715029630012018,1.0
TXN144081,U000349,2025-02-02 05:38:00,10452.39,1,1,1,4.068361206012609,7795.616666666667,0.0313126828573437,0,2.9886105308614144,1,amount_spike,-0.12593546908073477,0,0.8710685844483155,1.0
TXN143620,U004825,2025-02-01 18:31:00,14932.34,1,1,1,9.668170167213612,1406.2333333333331,0.4125134828497998,0,2.998343327766927,1,amount_spike,-0.14057629790324555,0,0.8703920490658741,1.0
TXN167216,U003747,2025-02-18 19:15:00,40732.6,1,1,1,7.353522890126788,1645.35,0.2681565462713752,0,2.9983337380067283,1,amount_spike,-0.14152108816482517,0,0.8689597247245582,1.0
TXN214136,U002714,2025-03-24 20:58:55,272.84,1,2,2,2.7122241459571206,1.9666666666666663,82.74582140208166,0,0.0813176847762061,0,none,0.06725299237136695,1,0.8681455748596176,1.0
TXN211634,U002465,2025-03-23 06:34:01,521.96,1,1,1,15.082828691906755,91.68333333333334,9.87060230701042,0,1.9139731267673168,0,none,-0.05977620026796426,0,0.8655481279600477,1.0
TXN145046,U002079,2025-02-02 18:31:28,416.72,1,1,1,21.40739830619224,128.68333333333334,9.98143166717939,0,1.63332394531546,0,none,-0.03603043924147509,0,0.8647440847371698,1.0
TXN104215,U000197,2025-01-04 01:01:00,9666.88,1,1,1,7.917649621184026,3262.633333333333,0.145605996364197,0,3.0411773059815297,1,amount_spike,-0.1436315826148834,0,0.8639293353264725,1.0
TXN131754,U002075,2025-01-24 03:10:00,7634.04,1,1,1,6.294651248589391,564.6666666666666,0.6688531432975741,0,2.828013040411501,1,amount_spike,-0.1338753535321749,0,0.8637517185806434,1.0
TXN153712,U004529,2025-02-08 23:19:00,14128.09,1,1,1,3.2899313559045007,12250.933333333332,0.0161127218623563,0,2.827261649032644,1,amount_spike,-0.10734988616384095,0,0.8629014793635624,1.0
TXN143928,U001226,2025-02-01 21:54:00,8646.66,1,1,1,13.582670553336207,4490.333333333333,0.1814921460619492,0,2.9985912388739133,1,amount_spike,-0.1364047128953741,0,0.8624158947805926,1.0
TXN188349,U002196,2025-03-06 00:44:31,597.11,1,1,1,23.382134464528512,3228.516666666667,0.4345426128216913,0,2.3805625036939166,0,none,-0.08771563865111315,0,0.8622576598418671,1.0
TXN118937,U000156,2025-01-14 18:47:25,1032.92,1,1,1,7.194584017388395,4871.816666666667,0.0886065857110052,0,3.061878845607344,0,none,-0.1430175903362163,0,0.8613908755479244,1.0
TXN190148,U004729,2025-03-07 11:04:39,345.69,1,1,1,17.848371507515044,15403.083333333334,0.0695251896828602,0,2.507081890425305,0,none,-0.07088211858494126,0,0.8613780535116401,1.0
TXN173936,U002683,2025-02-23 15:32:00,11106.96,1,1,1,10.59839847427092,9121.05,0.0697182789762423,0,2.976049268250525,1,amount_spike,-0.1260041608492254,0,0.8596328500332457,1.0
TXN137822,U003552,2025-01-28 14:30:00,7617.44,1,1,1,10.532875219520628,7107.433333333333,0.0889171214884751,0,2.997692987952305,1,amount_spike,-0.13324134035686153,0,0.8582700732624591,1.0
TXN124708,U005390,2025-01-18 21:43:13,486.93,1,1,1,25.45588214816412,22178.55,0.0688662211411407,0,1.8050843424282188,0,none,0.0010161065895988308,1,0.8576478868552778,1.0
TXN101107,U000419,2025-01-01 19:03:11,177.05,1,1,1,9.35785438090895,283.9166666666667,1.977591768199132,0,2.6604453478702768,0,none,-0.12377205073212355,0,0.8574978791091608,1.0
TXN166788,U003045,2025-02-18 14:27:00,8261.86,1,1,1,8.936605892084971,8772.133333333333,0.0611249662026453,0,2.9998807910966594,1,amount_spike,-0.1305732395951088,0,0.857066135077056,1.0
TXN110519,U003817,2025-01-08 17:52:26,178.29,1,1,1,20.784315269604463,280.05,4.452986667296082,0,1.8834098814294788,0,none,-0.059495350754979415,0,0.8567281983604215,1.0
TXN126039,U000142,2025-01-19 21:31:00,14591.88,1,1,1,2.753392815636335,1614.6666666666667,0.1023143490533733,0,2.8278784283829235,1,amount_spike,-0.13654454421870066,0,0.8559590707907501,1.0
TXN169026,U002081,2025-02-20 07:14:00,34127.56,1,1,1,8.179131242513197,619.8166666666667,0.7917629533745868,0,2.826373983031111,1,amount_spike,-0.13724221494424432,0,0.8557782427831031,1.0
TXN199558,U002455,2025-03-14 09:21:05,615.16,1,1,1,14.087064198891875,3403.016666666667,0.2483748787399941,0,2.8932265350875186,0,none,-0.13425023663633717,0,0.8553256477565225,1.0
TXN189279,U001309,2025-03-06 17:51:16,871.52,1,1,1,4.591349086244199,10583.566666666668,0.0260291217366532,0,2.8909513553940425,0,none,-0.12021968608851785,0,0.8547387856891877,1.0
TXN201641,U002314,2025-03-15 18:17:00,669.59,1,1,1,3.2765562390912,2740.6666666666665,0.0717319536653388,0,2.857145267299993,0,none,-0.13689317964336234,0,0.854233732909343,1.0
TXN158351,U000185,2025-02-12 12:29:09,172.28,1,1,1,8.163958283140742,136.48333333333332,3.5889913077673308,0,2.3651274327461707,0,none,-0.10321938303434314,0,0.8537763659538413,1.0
TXN167652,U004392,2025-02-19 07:23:32,1108.3,1,1,1,12.503464654122368,23635.9,0.0317401867179731,0,2.426050229754948,0,none,-0.050738514007929836,0,0.8533319390510377,1.0
TXN156067,U005941,2025-02-10 18:22:30,1947.26,1,1,1,3.942985445071212,25784.8,0.0091751391014967,0,2.249454410904244,0,none,-0.03464792259575955,0,0.8527587962964155,1.0
TXN125685,U004401,2025-01-19 17:52:17,968.18,1,1,1,13.816838233015844,286.78333333333336,2.89071991857134,0,2.3664368343493254,0,none,-0.10220965674457066,0,0.8517079084167828,1.0
TXN182760,U001215,2025-03-01 22:01:54,454.81,1,4,4,5.552726809534708,1.0333333333333334,322.4163953923378,0,-1.131253681263641,1,velocity,0.11932009366226481,1,0.8514689242865591,1.0
TXN134678,U002576,2025-01-26 08:39:00,16739.96,1,1,1,3.572105601207777,1377.5833333333333,0.155581394523598,0,2.82647655514604,1,amount_spike,-0.13905933004819504,0,0.8514170755846083,1.0
TXN175731,U002726,2025-02-24 20:20:00,7954.57,1,1,1,6.161696280254853,2195.5666666666666,0.1683855846548155,0,2.9185897551932056,1,amount_spike,-0.1436116749725151,0,0.8513385676555361,1.0
TXN160247,U003229,2025-02-13 19:17:00,9389.82,1,1,1,9.677748963220086,5536.083333333333,0.104887318855365,0,2.995599091370692,1,amount_spike,-0.14155185856286628,0,0.8495054794125455,1.0
TXN176043,U001375,2025-02-25 07:31:06,164.85,1,1,1,4.7512760679216415,618.7166666666667,0.4607546223235705,0,2.7810800815385504,0,none,-0.1379175148375773,0,0.8494568131816713,1.0
TXN193514,U004144,2025-03-09 19:30:00,12658.27,1,1,1,6.603723421667425,9160.366666666669,0.0432540988497598,0,2.952084635390692,1,amount_spike,-0.13078521378907793,0,0.8488203744333864,1.0
TXN196076,U003423,2025-03-11 18:04:38,569.58,1,1,1,16.524654477788225,40213.53333333333,0.0246553631696284,0,1.8993507238390488,0,none,0.028632494219878457,1,0.8475644926887549,1.0
TXN123294,U002545,2025-01-17 20:33:51,424.32,1,2,2,15.715747230369528,1.2666666666666666,744.4301319648723,0,-1.0786410645562756,0,none,0.1104279984443155,1,0.8472154615830831,1.0
TXN143352,U000066,2025-02-01 15:16:22,458.71,1,1,1,7.845882008400229,26336.866666666665,0.0178742948605888,0,2.346749583372411,0,none,-0.042752848970494806,0,0.8468189119195899,1.0
TXN132989,U005936,2025-01-24 21:28:32,1056.27,1,1,1,25.14277124464761,5954.2,0.2533617068084473,0,2.1869654779124827,0,none,-0.07392024123268598,0,0.8455556265254364,1.0
TXN188017,U003769,2025-03-05 19:12:26,409.72,1,1,1,24.73663479184772,27262.33333333333,0.0544413447434505,0,1.5529360062408306,0,none,0.025319595415268736,1,0.8427101976850788,1.0
TXN114672,U003463,2025-01-11 17:21:44,475.81,1,1,1,290.943150559045,4216.733333333334,4.139837085629327,1,0.3742808808398905,0,none,0.06971375668409296,1,0.8423290886287427,1.0
TXN207850,U005561,2025-03-20 11:13:42,443.41,1,1,1,14.289382884950951,268.6666666666667,3.191177319219816,0,2.251083416863093,0,none,-0.0978816200241458,0,0.841803214448057,1.0
TXN113939,U000153,2025-01-11 07:29:01,2249.73,1,1,1,10.44682112120087,5306.716666666666,0.1181162113306819,0,2.9709956677976432,0,none,-0.14375995997365687,0,0.8416185962790551,1.0
TXN105007,U005752,2025-01-04 16:58:46,442.52,1,1,1,6.662091748160673,4618.416666666667,0.0865503339650256,0,2.949176111725829,0,none,-0.14551717145924747,0,0.8402216420958429,1.0
TXN161325,U001312,2025-02-14 14:40:25,680.69,1,1,1,14.997512985633191,396.6166666666667,2.268817361359814,0,2.3624175601794515,0,none,-0.1074650644216697,0,0.8388806374323415,1.0
TXN159363,U005916,2025-02-13 08:01:54,1272.24,1,1,1,19.35910520177207,3737.75,0.3107608352903014,0,2.5955167264662498,0,none,-0.11651243183625237,0,0.8386768251510671,1.0
TXN127650,U002705,2025-01-21 05:29:00,14587.82,1,1,1,5.204162962185174,2494.6,0.125170278894857,0,2.8268255476805133,1,amount_spike,-0.1421862455506252,0,0.8385099489047969,1.0
TXN130679,U002963,2025-01-23 10:17:47,450.87,1,1,1,0.2717075817619178,2348.366666666667,0.0069420398173404,0,2.563692570069131,0,none,-0.12336324548518779,0,0.8383928449623851,1.0
TXN187840,U000592,2025-03-05 17:29:07,487.72,1,1,1,10.932062340816383,152.63333333333333,4.297382007746123,0,2.1980863210843777,0,none,-0.09838180154487391,0,0.8347905278885439,1.0
TXN126938,U001538,2025-01-20 15:20:22,334.5,1,1,1,23.564844002563586,11313.166666666666,0.1249774428162302,0,2.1240017888259755,0,none,-0.06282324259019978,0,0.8325147484778517,1.0
TXN160616,U004248,2025-02-14 02:57:00,16268.47,1,1,1,4.716150466383498,18979.016666666663,0.014909572658735,0,2.644019730183853,1,amount_spike,-0.09153004085279198,0,0.8323329191770531,1.0
TXN166284,U001782,2025-02-18 08:14:47,173.9,1,1,1,9.90002371728666,96.51666666666668,6.154392226253147,0,2.0664921402956007,0,none,-0.08981712736760106,0,0.8320763669175953,1.0
TXN162314,U000436,2025-02-15 09:04:51,352.88,1,1,1,9.900958142961947,1382.35,0.4297446294916027,0,2.8284806192732166,0,none,-0.1465302330783858,0,0.8320008852095802,1.0
TXN155193,U001314,2025-02-10 06:20:05,1673.9,1,1,1,22.514303388246372,25565.616666666665,0.0528388663926138,0,1.6765080761137197,0,none,0.005179715442806154,1,0.8305411737727614,1.0
TXN205112,U002935,2025-03-18 11:31:33,746.34,1,1,1,6.919934718853479,2301.616666666667,0.1803932379984541,0,2.8415343893480194,0,none,-0.14731460985633754,0,0.8297220293380065,1.0
TXN139064,U001658,2025-01-29 12:54:00,9007.91,1,1,1,4.376377816015946,3199.4333333333334,0.0820716175659096,0,2.828000614894861,1,amount_spike,-0.14509972018541156,0,0.8292672925511944,1.0
TXN222696,U004758,2025-03-31 02:28:41,1816.37,1,1,1,8.717470993031805,285.15,1.834291634514846,0,2.541061337351819,0,none,-0.12849190320150183,0,0.8285380373799853,1.0
TXN215933,U004299,2025-03-26 09:22:49,176.99,1,1,1,2.5861529351522416,26942.55,0.0057592609500264,0,2.0674510466200826,0,none,-0.029788659917793114,0,0.827836096996902,1.0
TXN117962,U000926,2025-01-14 01:10:00,8747.54,1,1,1,4.815164121952038,376.2166666666666,0.7679347379181916,0,2.6423047671747777,1,amount_spike,-0.13773359163322624,0,0.8278086734242456,1.0
TXN102373,U005791,2025-01-02 17:38:31,250.51,1,1,1,8.616362055580488,314.3833333333333,1.64443107671578,0,2.578493296390162,0,none,-0.13239231790562234,0,0.8262964796368758,1.0
TXN189962,U005537,2025-03-07 08:59:29,508.3,1,1,1,8.415683369242734,2265.583333333333,0.2228746101392124,0,2.8317961359465817,0,none,-0.14792535636331744,0,0.8257852589458532,1.0
TXN197022,U002112,2025-03-12 11:49:56,294.77,1,1,1,619.0679006240849,1242.9333333333334,29.884204599961187,1,0.5745299400875877,0,none,0.1388721949452244,1,0.8238582075977525,1.0
TXN222342,U004889,2025-03-30 19:13:25,2469.03,1,1,1,10.913709248632244,175.76666666666668,3.725521837196669,0,2.2247648911858944,0,none,-0.10539729875874532,0,0.8236664770945521,1.0
TXN147625,U004066,2025-02-04 16:50:00,5949.22,1,1,1,1.0233022609250118,4842.183333333333,0.0126798453154053,0,2.645594418586056,1,amount_spike,-0.130873918807276,0,0.8224094667991326,1.0
TXN221217,U003757,2025-03-29 23:31:00,7280.87,1,1,1,5.536546427634041,9356.7,0.0355031993820516,0,2.8116631530548637,1,amount_spike,-0.1321360969870769,0,0.8216878358706021,1.0
TXN164194,U002638,2025-02-16 15:26:00,7452.45,1,1,1,4.858761509550671,4076.2166666666662,0.0715186935368271,0,2.828356032210998,1,amount_spike,-0.14646842512811692,0,0.8211509429069004,1.0
TXN214169,U005829,2025-03-24 21:29:33,805.33,1,1,1,2.8535478624542714,11692.783333333333,0.0146426104774531,0,2.6770511368675605,0,none,-0.11705225198114294,0,0.8210869021609443,1.0
TXN174322,U004819,2025-02-23 19:29:45,339.27,1,1,1,15.580344846048847,323.35,2.891048989525068,0,2.17123931604958,0,none,-0.10124225800657327,0,0.8192329785059388,1.0
TXN139468,U000234,2025-01-29 18:35:00,6900.54,1,1,1,7.959207337529229,26507.033333333333,0.0180160651796222,0,2.235843770956465,1,amount_spike,-0.0463733564905745,0,0.8188298114058993,1.0
TXN108405,U003589,2025-01-07 08:13:33,804.82,1,1,1,522.6390032288498,1206.55,25.990087599959377,1,0.2975123661227308,0,none,0.1281649529898231,1,0.817590741931329,1.0
TXN106303,U002630,2025-01-05 16:11:44,91.78,1,1,1,10.767207113318916,4592.15,0.140681908648266,0,2.8660545314361814,0,none,-0.1482282901300958,0,0.8168408947753956,1.0
TXN154433,U001706,2025-02-09 15:04:00,8188.06,1,1,1,9.33453844811204,8421.366666666667,0.0665061063192501,0,2.8276096482374884,1,amount_spike,-0.1365337538159485,0,0.8168133327921423,1.0
TXN152598,U004860,2025-02-08 09:37:19,1309.72,1,1,1,6.823559145242165,41558.48333333333,0.0098515036131298,0,2.035738583860519,0,none,0.00374570644489014,1,0.8161560459578293,1.0
TXN202190,U001158,2025-03-16 07:48:17,1306.28,1,1,1,4.41040309765165,32415.033333333333,0.0081636252888556,0,1.9829045397192555,0,none,-0.014853658309659235,0,0.8155648574318204,1.0
TXN166839,U001104,2025-02-18 15:21:50,1107.87,1,1,1,0.7740388512842589,7631.833333333333,0.006085343985987,0,2.5845088935286604,0,none,-0.12250130200514919,0,0.8153931063139549,1.0
TXN108765,U005175,2025-01-07 12:37:31,572.11,1,1,1,19.10713281640091,199.4,5.749388008947115,0,1.6956117768326944,0,none,-0.06502420034857109,0,0.8147224013635053,1.0
TXN139916,U005518,2025-01-30 02:22:00,8302.11,1,1,1,8.468651206477546,7750.7,0.0655578299235749,0,2.827237445906254,1,amount_spike,-0.13938468052440733,0,0.8144141260931316,1.0
